STATE,STATENAME,ST_CASE,PEDS,PERNOTMVIT,VE_TOTAL,VE_FORMS,PVH_INVL,PERSONS,PERMVIT,COUNTY,COUNTYNAME,CITY,CITYNAME,MONTH,MONTHNAME,DAY,DAYNAME,DAY_WEEK,DAY_WEEKNAME,YEAR,HOUR,HOURNAME,MINUTE,MINUTENAME,TWAY_ID,TWAY_ID2,ROUTE,ROUTENAME,RUR_URB,RUR_URBNAME,FUNC_SYS,FUNC_SYSNAME,RD_OWNER,RD_OWNERNAME,NHS,NHSNAME,SP_JUR,SP_JURNAME,MILEPT,MILEPTNAME,LATITUDE,LATITUDENAME,LONGITUD,LONGITUDNAME,HARM_EV,HARM_EVNAME,MAN_COLL,MAN_COLLNAME,RELJCT1,RELJCT1NAME,RELJCT2,RELJCT2NAME,TYP_INT,TYP_INTNAME,REL_ROAD,REL_ROADNAME,WRK_ZONE,WRK_ZONENAME,LGT_COND,LGT_CONDNAME,WEATHER,WEATHERNAME,SCH_BUS,SCH_BUSNAME,RAIL,RAILNAME,NOT_HOUR,NOT_HOURNAME,NOT_MIN,NOT_MINNAME,ARR_HOUR,ARR_HOURNAME,ARR_MIN,ARR_MINNAME,HOSP_HR,HOSP_HRNAME,HOSP_MN,HOSP_MNNAME,FATALS
51,Virginia,510113,0,0,4,4,0,4,4,153,PRINCE WILLIAM (153),0,NOT APPLICABLE,2,February,14,14,2,Monday,2022,10,10:00am-10:59am,56,56,US-1,NA,2,US Highway,2,Urban,3,Principal Arterial - Other,1,State Highway Agency,1,This section IS ON the NHS,0,No Special Jurisdiction,1746,1746,38.64477222,38.64477222,-77.26474167,-77.26474167,12,Motor Vehicle In-Transport,2,Front-to-Front,0,No,8,Driveway Access Related,1,Not an Intersection,1,On Roadway,4,"Work Zone, Type Unknown",1,Daylight,98,Not Reported,0,No,0000000,Not Applicable,99,Unknown,99,Unknown,99,Unknown EMS Scene Arrival Hour,99,Unknown EMS Scene Arrival Minutes,99,Unknown,99,Unknown EMS Hospital Arrival Time,1
51,Virginia,510114,0,0,2,2,0,2,2,121,MONTGOMERY (121),0,NOT APPLICABLE,2,February,23,23,4,Wednesday,2022,19,7:00pm-7:59pm,38,38,SR-114/PEPPERS FERRY RD,NA,3,State Highway,2,Urban,4,Minor Arterial,1,State Highway Agency,0,This section IS NOT on the NHS,0,No Special Jurisdiction,79,79,37.16502222,37.16502222,-80.45434167,-80.45434167,11,Live Animal,0,The First Harmful Event was Not a Collision with a Motor Vehicle in Transport,0,No,1,Non-Junction,1,Not an Intersection,1,On Roadway,0,None,2,Dark - Not Lighted,98,Not Reported,0,No,0000000,Not Applicable,99,Unknown,99,Unknown,99,Unknown EMS Scene Arrival Hour,99,Unknown EMS Scene Arrival Minutes,99,Unknown,99,Unknown EMS Hospital Arrival Time,1
51,Virginia,510115,1,1,1,1,0,1,1,59,FAIRFAX (59),2034,RESTON,2,February,3,3,5,Thursday,2022,10,10:00am-10:59am,44,44,CR-606,NA,4,County Road,2,Urban,4,Minor Arterial,1,State Highway Agency,0,This section IS NOT on the NHS,0,No Special Jurisdiction,12,12,38.96968611,38.96968611,-77.34427778,-77.34427778,8,Pedestrian,0,The First Harmful Event was Not a Collision with a Motor Vehicle in Transport,0,No,1,Non-Junction,1,Not an Intersection,1,On Roadway,0,None,1,Daylight,2,Rain,0,No,0000000,Not Applicable,99,Unknown,99,Unknown,99,Unknown EMS Scene Arrival Hour,99,Unknown EMS Scene Arrival Minutes,99,Unknown,99,Unknown EMS Hospital Arrival Time,1
51,Virginia,510116,0,0,1,1,0,1,1,27,BUCHANAN (27),0,NOT APPLICABLE,2,February,20,20,1,Sunday,2022,2,2:00am-2:59am,15,15,CR-676,NA,4,County Road,1,Rural,3,Principal Arterial - Other,1,State Highway Agency,1,This section IS ON the NHS,0,No Special Jurisdiction,11,11,37.4263,37.4263,-82.05183056,-82.05183056,42,Tree (Standing Only),0,The First Harmful Event was Not a Collision with a Motor Vehicle in Transport,0,No,1,Non-Junction,1,Not an Intersection,4,On Roadside,0,None,2,Dark - Not Lighted,98,Not Reported,0,No,0000000,Not Applicable,99,Unknown,99,Unknown,99,Unknown EMS Scene Arrival Hour,99,Unknown EMS Scene Arrival Minutes,99,Unknown,99,Unknown EMS Hospital Arrival Time,1
51,Virginia,510117,0,0,2,2,0,2,2,810,VIRGINIA BEACH (CITY) (810),2540,VIRGINIA BEACH,2,February,12,12,7,Saturday,2022,11,11:00am-11:59am,32,32,PLEASANT RIDGE RD,CHARITY NECK RD,6,Local Street - Municipality,1,Rural,7,Local,99,Unknown,0,This section IS NOT on the NHS,0,No Special Jurisdiction,9,9,36.6868,36.6868,-75.99964444,-75.99964444,12,Motor Vehicle In-Transport,2,Front-to-Front,0,No,3,Intersection-Related,3,T-Intersection,1,On Roadway,0,None,1,Daylight,98,Not Reported,0,No,0000000,Not Applicable,99,Unknown,98,Unknown if Notified,99,Unknown EMS Scene Arrival Hour,98,Unknown if Arrived,88,Not Applicable (Not Transported),88,Not Applicable (Not Transported),1
51,Virginia,510118,0,0,1,1,0,2,2,41,CHESTERFIELD (41),0,NOT APPLICABLE,2,February,19,19,7,Saturday,2022,8,8:00am-8:59am,50,50,CR-641,NA,4,County Road,2,Urban,3,Principal Arterial - Other,1,State Highway Agency,1,This section IS ON the NHS,0,No Special Jurisdiction,21,21,37.42299722,37.42299722,-77.47237222,-77.47237222,34,Ditch,0,The First Harmful Event was Not a Collision with a Motor Vehicle in Transport,0,No,1,Non-Junction,1,Not an Intersection,4,On Roadside,0,None,1,Daylight,98,Not Reported,0,No,0000000,Not Applicable,99,Unknown,99,Unknown,99,Unknown EMS Scene Arrival Hour,99,Unknown EMS Scene Arrival Minutes,99,Unknown,99,Unknown EMS Hospital Arrival Time,1
51,Virginia,510119,1,1,1,1,0,1,1,710,NORFOLK (CITY) (710),1760,NORFOLK,2,February,24,24,5,Thursday,2022,18,6:00pm-6:59pm,31,31,I-264,NA,1,Interstate,2,Urban,1,Interstate,1,State Highway Agency,1,This section IS ON the NHS,0,No Special Jurisdiction,100,100,36.84586389,36.84586389,-76.24549167,-76.24549167,8,Pedestrian,0,The First Harmful Event was Not a Collision with a Motor Vehicle in Transport,0,No,1,Non-Junction,1,Not an Intersection,1,On Roadway,0,None,3,Dark - Lighted,2,Rain,0,No,0000000,Not Applicable,99,Unknown,98,Unknown if Notified,99,Unknown EMS Scene Arrival Hour,98,Unknown if Arrived,88,Not Applicable (Not Transported),88,Not Applicable (Not Transported),1
51,Virginia,510120,0,0,1,1,0,1,1,121,MONTGOMERY (121),0,NOT APPLICABLE,2,February,24,24,5,Thursday,2022,14,2:00pm-2:59pm,22,22,SR-8/RINER RD,NA,3,State Highway,1,Rural,4,Minor Arterial,1,State Highway Agency,9,Unknown if this section is on the NHS,0,No Special Jurisdiction,462,462,37.02560278,37.02560278,-80.42306389,-80.42306389,42,Tree (Standing Only),0,The First Harmful Event was Not a Collision with a Motor Vehicle in Transport,0,No,1,Non-Junction,1,Not an Intersection,4,On Roadside,0,None,1,Daylight,98,Not Reported,0,No,0000000,Not Applicable,99,Unknown,99,Unknown,99,Unknown EMS Scene Arrival Hour,99,Unknown EMS Scene Arrival Minutes,99,Unknown,99,Unknown EMS Hospital Arrival Time,1
51,Virginia,510121,1,1,1,1,0,1,1,179,STAFFORD (179),0,NOT APPLICABLE,2,February,25,25,6,Friday,2022,19,7:00pm-7:59pm,5,5,US-17,NA,2,US Highway,1,Rural,3,Principal Arterial - Other,1,State Highway Agency,1,This section IS ON the NHS,0,No Special Jurisdiction,22,22,38.34153611,38.34153611,-77.49359444,-77.49359444,8,Pedestrian,0,The First Harmful Event was Not a Collision with a Motor Vehicle in Transport,0,No,1,Non-Junction,1,Not an Intersection,1,On Roadway,4,"Work Zone, Type Unknown",2,Dark - Not Lighted,98,Not Reported,0,No,0000000,Not Applicable,99,Unknown,98,Unknown if Notified,99,Unknown EMS Scene Arrival Hour,98,Unknown if Arrived,99,Unknown,98,Unknown if Transported,1
51,Virginia,510122,0,0,2,2,0,3,3,15,AUGUSTA (15),1675,MOUNT SIDNEY,2,February,25,25,6,Friday,2022,11,11:00am-11:59am,45,45,CR-616,NA,4,County Road,1,Rural,5,Major Collector,1,State Highway Agency,0,This section IS NOT on the NHS,0,No Special Jurisdiction,37,37,38.25023056,38.25023056,-78.98058611,-78.98058611,12,Motor Vehicle In-Transport,6,Angle,0,No,8,Driveway Access Related,1,Not an Intersection,1,On Roadway,0,None,1,Daylight,98,Not Reported,0,No,0000000,Not Applicable,99,Unknown,99,Unknown,99,Unknown EMS Scene Arrival Hour,99,Unknown EMS Scene Arrival Minutes,99,Unknown,99,Unknown EMS Hospital Arrival Time,1
51,Virginia,510123,0,0,1,1,0,1,1,147,PRINCE EDWARD (147),0,NOT APPLICABLE,2,February,24,24,5,Thursday,2022,8,8:00am-8:59am,20,20,US-15,NA,2,US Highway,1,Rural,4,Minor Arterial,1,State Highway Agency,0,This section IS NOT on the NHS,0,No Special Jurisdiction,522,522,37.18423333,37.18423333,-78.43007222,-78.43007222,1,Rollover/Overturn,0,The First Harmful Event was Not a Collision with a Motor Vehicle in Transport,0,No,1,Non-Junction,1,Not an Intersection,4,On Roadside,0,None,1,Daylight,2,Rain,0,No,0000000,Not Applicable,99,Unknown,98,Unknown if Notified,99,Unknown EMS Scene Arrival Hour,98,Unknown if Arrived,88,Not Applicable (Not Transported),88,Not Applicable (Not Transported),1
51,Virginia,510124,1,1,1,1,0,1,1,153,PRINCE WILLIAM (153),0,NOT APPLICABLE,2,February,24,24,5,Thursday,2022,18,6:00pm-6:59pm,19,19,CR-1189,NA,4,County Road,2,Urban,6,Minor Collector,1,State Highway Agency,0,This section IS NOT on the NHS,0,No Special Jurisdiction,14,14,38.58777222,38.58777222,-77.30534167,-77.30534167,8,Pedestrian,0,The First Harmful Event was Not a Collision with a Motor Vehicle in Transport,0,No,1,Non-Junction,1,Not an Intersection,1,On Roadway,0,None,2,Dark - Not Lighted,2,Rain,0,No,0000000,Not Applicable,99,Unknown,99,Unknown,99,Unknown EMS Scene Arrival Hour,99,Unknown EMS Scene Arrival Minutes,99,Unknown,99,Unknown EMS Hospital Arrival Time,1
51,Virginia,510125,0,0,1,1,0,1,1,73,GLOUCESTER (73),0,NOT APPLICABLE,2,February,26,26,7,Saturday,2022,9,9:00am-9:59am,20,20,CR-661,NA,4,County Road,1,Rural,3,Principal Arterial - Other,1,State Highway Agency,1,This section IS ON the NHS,0,No Special Jurisdiction,9,9,37.46423333,37.46423333,-76.47646667,-76.47646667,42,Tree (Standing Only),0,The First Harmful Event was Not a Collision with a Motor Vehicle in Transport,0,No,1,Non-Junction,1,Not an Intersection,4,On Roadside,0,None,1,Daylight,98,Not Reported,0,No,0000000,Not Applicable,99,Unknown,98,Unknown if Notified,99,Unknown EMS Scene Arrival Hour,98,Unknown if Arrived,88,Not Applicable (Not Transported),88,Not Applicable (Not Transported),1
51,Virginia,510126,0,0,1,1,0,1,1,800,SUFFOLK (CITY) (800),2390,SUFFOLK,2,February,26,26,7,Saturday,2022,1,1:00am-1:59am,31,31,US-58,NA,2,US Highway,1,Rural,2,Principal Arterial - Other Freeways and Expressways,4,City or Municipal Highway Agency,1,This section IS ON the NHS,0,No Special Jurisdiction,4775,4775,36.76261944,36.76261944,-76.48823889,-76.48823889,42,Tree (Standing Only),0,The First Harmful Event was Not a Collision with a Motor Vehicle in Transport,0,No,1,Non-Junction,1,Not an Intersection,4,On Roadside,0,None,3,Dark - Lighted,98,Not Reported,0,No,0000000,Not Applicable,99,Unknown,98,Unknown if Notified,99,Unknown EMS Scene Arrival Hour,98,Unknown if Arrived,88,Not Applicable (Not Transported),88,Not Applicable (Not Transported),1
51,Virginia,510127,0,0,5,5,0,5,5,1,ACCOMACK (1),0,NOT APPLICABLE,2,February,8,8,3,Tuesday,2022,17,5:00pm-5:59pm,12,12,US-13,NA,2,US Highway,1,Rural,3,Principal Arterial - Other,1,State Highway Agency,1,This section IS ON the NHS,0,No Special Jurisdiction,1229,1229,37.740625,37.740625,-75.64285,-75.64285,12,Motor Vehicle In-Transport,2,Front-to-Front,0,No,1,Non-Junction,1,Not an Intersection,1,On Roadway,0,None,1,Daylight,98,Not Reported,0,No,0000000,Not Applicable,99,Unknown,99,Unknown,99,Unknown EMS Scene Arrival Hour,99,Unknown EMS Scene Arrival Minutes,99,Unknown,99,Unknown EMS Hospital Arrival Time,1
51,Virginia,510128,0,0,1,1,0,1,1,660,HARRISONBURG (CITY) (660),1190,HARRISONBURG,3,March,2,2,4,Wednesday,2022,10,10:00am-10:59am,31,31,E MARKET ST,EVELYN BYRD AVE,6,Local Street - Municipality,2,Urban,7,Local,4,City or Municipal Highway Agency,0,This section IS NOT on the NHS,0,No Special Jurisdiction,12,12,38.42387778,38.42387778,-78.83828889,-78.83828889,35,Embankment,0,The First Harmful Event was Not a Collision with a Motor Vehicle in Transport,0,No,3,Intersection-Related,3,T-Intersection,4,On Roadside,0,None,1,Daylight,98,Not Reported,0,No,0000000,Not Applicable,99,Unknown,99,Unknown,99,Unknown EMS Scene Arrival Hour,99,Unknown EMS Scene Arrival Minutes,99,Unknown,99,Unknown EMS Hospital Arrival Time,1
51,Virginia,510129,0,0,2,2,0,2,2,53,DINWIDDIE (53),0,NOT APPLICABLE,2,February,5,5,7,Saturday,2022,2,2:00am-2:59am,37,37,I-85,NA,1,Interstate,1,Rural,1,Interstate,1,State Highway Agency,1,This section IS ON the NHS,0,No Special Jurisdiction,510,510,37.05809722,37.05809722,-77.59961389,-77.59961389,12,Motor Vehicle In-Transport,6,Angle,0,No,1,Non-Junction,1,Not an Intersection,1,On Roadway,0,None,2,Dark - Not Lighted,98,Not Reported,0,No,0000000,Not Applicable,99,Unknown,98,Unknown if Notified,99,Unknown EMS Scene Arrival Hour,98,Unknown if Arrived,88,Not Applicable (Not Transported),88,Not Applicable (Not Transported),1
51,Virginia,510130,0,0,2,2,0,2,2,85,HANOVER (85),0,NOT APPLICABLE,2,February,16,16,4,Wednesday,2022,18,6:00pm-6:59pm,1,1,CR-643,LAUREL MEADOWS DR,4,County Road,2,Urban,5,Major Collector,1,State Highway Agency,0,This section IS NOT on the NHS,0,No Special Jurisdiction,21,21,37.62906111,37.62906111,-77.34104444,-77.34104444,12,Motor Vehicle In-Transport,2,Front-to-Front,0,No,2,Intersection,2,Four-Way Intersection,1,On Roadway,0,None,5,Dusk,98,Not Reported,0,No,0000000,Not Applicable,99,Unknown,99,Unknown,99,Unknown EMS Scene Arrival Hour,99,Unknown EMS Scene Arrival Minutes,99,Unknown,99,Unknown EMS Hospital Arrival Time,1
51,Virginia,510131,0,0,1,1,0,1,1,85,HANOVER (85),0,NOT APPLICABLE,2,February,25,25,6,Friday,2022,0,0:00am-0:59am,14,14,SR234/PRINCE WILLIAM PKWY,NA,6,Local Street - Municipality,2,Urban,3,Principal Arterial - Other,1,State Highway Agency,1,This section IS ON the NHS,0,No Special Jurisdiction,146,146,37.64471667,37.64471667,-77.13696667,-77.13696667,42,Tree (Standing Only),0,The First Harmful Event was Not a Collision with a Motor Vehicle in Transport,0,No,1,Non-Junction,1,Not an Intersection,4,On Roadside,0,None,2,Dark - Not Lighted,2,Rain,0,No,0000000,Not Applicable,99,Unknown,98,Unknown if Notified,99,Unknown EMS Scene Arrival Hour,98,Unknown if Arrived,88,Not Applicable (Not Transported),88,Not Applicable (Not Transported),1
51,Virginia,510132,0,0,1,1,0,1,1,161,ROANOKE (161),0,NOT APPLICABLE,2,February,26,26,7,Saturday,2022,7,7:00am-7:59am,48,48,US-221,NA,2,US Highway,1,Rural,3,Principal Arterial - Other,2,County Highway Agency,0,This section IS NOT on the NHS,0,No Special Jurisdiction,0,None,37.20047778,37.20047778,-80.07168889,-80.07168889,21,Bridge Pier or Support,0,The First Harmful Event was Not a Collision with a Motor Vehicle in Transport,0,No,1,Non-Junction,1,Not an Intersection,4,On Roadside,0,None,1,Daylight,98,Not Reported,0,No,0000000,Not Applicable,99,Unknown,98,Unknown if Notified,99,Unknown EMS Scene Arrival Hour,98,Unknown if Arrived,88,Not Applicable (Not Transported),88,Not Applicable (Not Transported),1
51,Virginia,510133,0,0,2,2,0,2,2,59,FAIRFAX (59),0,NOT APPLICABLE,3,March,1,1,3,Tuesday,2022,16,4:00pm-4:59pm,0,0,I-95-495,NA,1,Interstate,2,Urban,1,Interstate,1,State Highway Agency,1,This section IS ON the NHS,0,No Special Jurisdiction,1748,1748,38.80295,38.80295,-77.10069167,-77.10069167,12,Motor Vehicle In-Transport,1,Front-to-Rear,0,No,1,Non-Junction,1,Not an Intersection,1,On Roadway,0,None,1,Daylight,98,Not Reported,0,No,0000000,Not Applicable,99,Unknown,98,Unknown if Notified,99,Unknown EMS Scene Arrival Hour,98,Unknown if Arrived,88,Not Applicable (Not Transported),88,Not Applicable (Not Transported),1
51,Virginia,510134,0,0,1,1,0,1,1,61,FAUQUIER (61),0,NOT APPLICABLE,2,February,28,28,2,Monday,2022,23,11:00pm-11:59pm,20,20,CR-643,NA,4,County Road,1,Rural,3,Principal Arterial - Other,1,State Highway Agency,0,This section IS NOT on the NHS,0,No Special Jurisdiction,57,57,38.66296944,38.66296944,-77.7409,-77.7409,42,Tree (Standing Only),0,The First Harmful Event was Not a Collision with a Motor Vehicle in Transport,0,No,1,Non-Junction,1,Not an Intersection,4,On Roadside,0,None,2,Dark - Not Lighted,98,Not Reported,0,No,0000000,Not Applicable,99,Unknown,98,Unknown if Notified,99,Unknown EMS Scene Arrival Hour,98,Unknown if Arrived,88,Not Applicable (Not Transported),88,Not Applicable (Not Transported),1
51,Virginia,510135,0,0,2,2,0,2,2,179,STAFFORD (179),0,NOT APPLICABLE,2,February,19,19,7,Saturday,2022,20,8:00pm-8:59pm,27,27,CR-610,NA,4,County Road,2,Urban,5,Major Collector,1,State Highway Agency,0,This section IS NOT on the NHS,0,No Special Jurisdiction,74,74,38.46900278,38.46900278,-77.45896111,-77.45896111,12,Motor Vehicle In-Transport,6,Angle,0,No,1,Non-Junction,1,Not an Intersection,1,On Roadway,0,None,2,Dark - Not Lighted,98,Not Reported,0,No,0000000,Not Applicable,99,Unknown,99,Unknown,99,Unknown EMS Scene Arrival Hour,99,Unknown EMS Scene Arrival Minutes,99,Unknown,99,Unknown EMS Hospital Arrival Time,1
51,Virginia,510136,0,0,1,1,0,1,1,95,JAMES CITY (95),0,NOT APPLICABLE,2,February,25,25,6,Friday,2022,20,8:00pm-8:59pm,21,21,CR-612,NA,4,County Road,2,Urban,3,Principal Arterial - Other,1,State Highway Agency,1,This section IS ON the NHS,0,No Special Jurisdiction,24,24,37.30551667,37.30551667,-76.751175,-76.751175,30,Utility Pole/Light Support,0,The First Harmful Event was Not a Collision with a Motor Vehicle in Transport,0,No,1,Non-Junction,1,Not an Intersection,4,On Roadside,4,"Work Zone, Type Unknown",3,Dark - Lighted,98,Not Reported,0,No,0000000,Not Applicable,99,Unknown,99,Unknown,99,Unknown EMS Scene Arrival Hour,99,Unknown EMS Scene Arrival Minutes,99,Unknown,99,Unknown EMS Hospital Arrival Time,1
51,Virginia,510138,1,1,1,1,0,1,1,33,CAROLINE (33),0,NOT APPLICABLE,2,February,16,16,4,Wednesday,2022,5,5:00am-5:59am,20,20,SR-207/ROGERS CLARK BLVD,WELCOME WAY,3,State Highway,1,Rural,3,Principal Arterial - Other,1,State Highway Agency,1,This section IS ON the NHS,0,No Special Jurisdiction,3,3,37.93370278,37.93370278,-77.47501389,-77.47501389,8,Pedestrian,0,The First Harmful Event was Not a Collision with a Motor Vehicle in Transport,0,No,3,Intersection-Related,2,Four-Way Intersection,1,On Roadway,0,None,2,Dark - Not Lighted,98,Not Reported,0,No,0000000,Not Applicable,99,Unknown,99,Unknown,99,Unknown EMS Scene Arrival Hour,99,Unknown EMS Scene Arrival Minutes,99,Unknown,99,Unknown EMS Hospital Arrival Time,1
51,Virginia,510139,1,1,1,1,0,1,1,710,NORFOLK (CITY) (710),1760,NORFOLK,2,February,27,27,1,Sunday,2022,2,2:00am-2:59am,24,24,I-64,NA,1,Interstate,2,Urban,1,Interstate,1,State Highway Agency,1,This section IS ON the NHS,0,No Special Jurisdiction,2810,2810,36.88393889,36.88393889,-76.22043056,-76.22043056,8,Pedestrian,0,The First Harmful Event was Not a Collision with a Motor Vehicle in Transport,0,No,1,Non-Junction,1,Not an Intersection,2,On Shoulder,0,None,3,Dark - Lighted,98,Not Reported,0,No,0000000,Not Applicable,99,Unknown,98,Unknown if Notified,99,Unknown EMS Scene Arrival Hour,98,Unknown if Arrived,88,Not Applicable (Not Transported),88,Not Applicable (Not Transported),1
51,Virginia,510140,0,0,1,1,0,1,1,101,KING WILLIAM (101),2620,WEST POINT,3,March,3,3,5,Thursday,2022,21,9:00pm-9:59pm,44,44,CR-1129,RT-33,4,County Road,2,Urban,5,Major Collector,1,State Highway Agency,0,This section IS NOT on the NHS,0,No Special Jurisdiction,7,7,37.53665556,37.53665556,-76.79932778,-76.79932778,33,Curb,0,The First Harmful Event was Not a Collision with a Motor Vehicle in Transport,0,No,3,Intersection-Related,2,Four-Way Intersection,4,On Roadside,0,None,3,Dark - Lighted,98,Not Reported,0,No,0000000,Not Applicable,99,Unknown,99,Unknown,99,Unknown EMS Scene Arrival Hour,99,Unknown EMS Scene Arrival Minutes,99,Unknown,99,Unknown EMS Hospital Arrival Time,1
51,Virginia,510141,0,0,3,3,0,3,3,155,PULASKI (155),0,NOT APPLICABLE,2,February,21,21,2,Monday,2022,15,3:00pm-3:59pm,58,58,US-11,NA,2,US Highway,1,Rural,3,Principal Arterial - Other,1,State Highway Agency,1,This section IS ON the NHS,0,No Special Jurisdiction,99998,Not Reported,37.03245278,37.03245278,-80.777275,-80.777275,12,Motor Vehicle In-Transport,2,Front-to-Front,0,No,1,Non-Junction,1,Not an Intersection,1,On Roadway,0,None,1,Daylight,98,Not Reported,0,No,0000000,Not Applicable,99,Unknown,99,Unknown,99,Unknown EMS Scene Arrival Hour,99,Unknown EMS Scene Arrival Minutes,99,Unknown,99,Unknown EMS Hospital Arrival Time,2
51,Virginia,510142,0,0,2,2,0,3,3,61,FAUQUIER (61),0,NOT APPLICABLE,2,February,25,25,6,Friday,2022,10,10:00am-10:59am,13,13,US-17,GRANITE ST,2,US Highway,1,Rural,3,Principal Arterial - Other,1,State Highway Agency,1,This section IS ON the NHS,0,No Special Jurisdiction,1970,1970,38.48333333,38.48333333,-77.68078611,-77.68078611,12,Motor Vehicle In-Transport,6,Angle,0,No,2,Intersection,3,T-Intersection,1,On Roadway,0,None,1,Daylight,98,Not Reported,0,No,0000000,Not Applicable,99,Unknown,99,Unknown,99,Unknown EMS Scene Arrival Hour,99,Unknown EMS Scene Arrival Minutes,99,Unknown,99,Unknown EMS Hospital Arrival Time,2
51,Virginia,510143,0,0,1,1,0,1,1,35,CARROLL (35),0,NOT APPLICABLE,3,March,6,6,1,Sunday,2022,11,11:00am-11:59am,17,17,CR-679,NA,4,County Road,1,Rural,5,Major Collector,1,State Highway Agency,0,This section IS NOT on the NHS,0,No Special Jurisdiction,59,59,36.63515833,36.63515833,-80.62623889,-80.62623889,42,Tree (Standing Only),0,The First Harmful Event was Not a Collision with a Motor Vehicle in Transport,0,No,1,Non-Junction,1,Not an Intersection,4,On Roadside,0,None,1,Daylight,98,Not Reported,0,No,0000000,Not Applicable,99,Unknown,98,Unknown if Notified,99,Unknown EMS Scene Arrival Hour,98,Unknown if Arrived,88,Not Applicable (Not Transported),88,Not Applicable (Not Transported),1
51,Virginia,510144,0,0,2,2,0,2,2,510,ALEXANDRIA (CITY) (510),40,ALEXANDRIA,3,March,5,5,7,Saturday,2022,21,9:00pm-9:59pm,25,25,I-95-495,NA,1,Interstate,2,Urban,1,Interstate,1,State Highway Agency,1,This section IS ON the NHS,0,No Special Jurisdiction,143,143,38.80150278,38.80150278,-77.08431111,-77.08431111,12,Motor Vehicle In-Transport,1,Front-to-Rear,0,No,1,Non-Junction,1,Not an Intersection,2,On Shoulder,0,None,3,Dark - Lighted,98,Not Reported,0,No,0000000,Not Applicable,99,Unknown,99,Unknown,99,Unknown EMS Scene Arrival Hour,99,Unknown EMS Scene Arrival Minutes,99,Unknown,99,Unknown EMS Hospital Arrival Time,1
51,Virginia,510145,0,0,1,1,0,1,1,71,GILES (71),0,NOT APPLICABLE,3,March,7,7,2,Monday,2022,5,5:00am-5:59am,19,19,US-460,NA,2,US Highway,2,Urban,5,Major Collector,1,State Highway Agency,0,This section IS NOT on the NHS,0,No Special Jurisdiction,33,33,37.33158889,37.33158889,-80.69518611,-80.69518611,35,Embankment,0,The First Harmful Event was Not a Collision with a Motor Vehicle in Transport,0,No,1,Non-Junction,1,Not an Intersection,3,On Median,0,None,2,Dark - Not Lighted,98,Not Reported,0,No,0000000,Not Applicable,99,Unknown,98,Unknown if Notified,99,Unknown EMS Scene Arrival Hour,98,Unknown if Arrived,88,Not Applicable (Not Transported),88,Not Applicable (Not Transported),1
51,Virginia,510146,1,1,1,1,0,0,0,47,CULPEPER (47),690,CULPEPER,2,February,13,13,1,Sunday,2022,21,9:00pm-9:59pm,44,44,HUNTERS RD,NA,6,Local Street - Municipality,2,Urban,7,Local,2,County Highway Agency,0,This section IS NOT on the NHS,0,No Special Jurisdiction,3,3,38.47843056,38.47843056,-78.01643333,-78.01643333,8,Pedestrian,0,The First Harmful Event was Not a Collision with a Motor Vehicle in Transport,0,No,1,Non-Junction,1,Not an Intersection,1,On Roadway,0,None,2,Dark - Not Lighted,98,Not Reported,0,No,0000000,Not Applicable,99,Unknown,99,Unknown,99,Unknown EMS Scene Arrival Hour,99,Unknown EMS Scene Arrival Minutes,99,Unknown,99,Unknown EMS Hospital Arrival Time,1
51,Virginia,510147,0,0,1,1,0,1,1,169,SCOTT (169),0,NOT APPLICABLE,3,March,8,8,3,Tuesday,2022,11,11:00am-11:59am,45,45,CR-614,NA,4,County Road,1,Rural,6,Minor Collector,1,State Highway Agency,0,This section IS NOT on the NHS,0,No Special Jurisdiction,98,98,36.61841111,36.61841111,-82.64922222,-82.64922222,30,Utility Pole/Light Support,0,The First Harmful Event was Not a Collision with a Motor Vehicle in Transport,0,No,1,Non-Junction,1,Not an Intersection,4,On Roadside,0,None,1,Daylight,98,Not Reported,0,No,0000000,Not Applicable,99,Unknown,99,Unknown,99,Unknown EMS Scene Arrival Hour,99,Unknown EMS Scene Arrival Minutes,99,Unknown,99,Unknown EMS Hospital Arrival Time,1
51,Virginia,510148,0,0,2,2,0,2,2,700,NEWPORT NEWS (CITY) (700),1720,NEWPORT NEWS,3,March,5,5,7,Saturday,2022,15,3:00pm-3:59pm,59,59,SR-173/DENBIGH BLVD,DELOICE CRESCENT,3,State Highway,2,Urban,4,Minor Arterial,4,City or Municipal Highway Agency,0,This section IS NOT on the NHS,0,No Special Jurisdiction,20,20,37.13087222,37.13087222,-76.53338056,-76.53338056,12,Motor Vehicle In-Transport,6,Angle,0,No,2,Intersection,3,T-Intersection,1,On Roadway,0,None,1,Daylight,98,Not Reported,0,No,0000000,Not Applicable,99,Unknown,98,Unknown if Notified,99,Unknown EMS Scene Arrival Hour,98,Unknown if Arrived,88,Not Applicable (Not Transported),88,Not Applicable (Not Transported),1