STATE,STATENAME,ST_CASE,PEDS,PERNOTMVIT,VE_TOTAL,VE_FORMS,PVH_INVL,PERSONS,PERMVIT,COUNTY,COUNTYNAME,CITY,CITYNAME,MONTH,MONTHNAME,DAY,DAYNAME,DAY_WEEK,DAY_WEEKNAME,YEAR,HOUR,HOURNAME,MINUTE,MINUTENAME,TWAY_ID,TWAY_ID2,ROUTE,ROUTENAME,RUR_URB,RUR_URBNAME,FUNC_SYS,FUNC_SYSNAME,RD_OWNER,RD_OWNERNAME,NHS,NHSNAME,SP_JUR,SP_JURNAME,MILEPT,MILEPTNAME,LATITUDE,LATITUDENAME,LONGITUD,LONGITUDNAME,HARM_EV,HARM_EVNAME,MAN_COLL,MAN_COLLNAME,RELJCT1,RELJCT1NAME,RELJCT2,RELJCT2NAME,TYP_INT,TYP_INTNAME,REL_ROAD,REL_ROADNAME,WRK_ZONE,WRK_ZONENAME,LGT_COND,LGT_CONDNAME,WEATHER,WEATHERNAME,SCH_BUS,SCH_BUSNAME,RAIL,RAILNAME,NOT_HOUR,NOT_HOURNAME,NOT_MIN,NOT_MINNAME,ARR_HOUR,ARR_HOURNAME,ARR_MIN,ARR_MINNAME,HOSP_HR,HOSP_HRNAME,HOSP_MN,HOSP_MNNAME,FATALS
51,Virginia,510370,0,0,1,1,0,2,2,137,ORANGE (137),0,NOT APPLICABLE,6,June,11,11,7,Saturday,2022,2,2:00am-2:59am,10,10,CR-614,NA,4,County Road,1,Rural,3,Principal Arterial - Other,1,State Highway Agency,1,This section IS ON the NHS,0,No Special Jurisdiction,30,30,38.34650556,38.34650556,-77.79853889,-77.79853889,53,Mail Box,0,The First Harmful Event was Not a Collision with a Motor Vehicle in Transport,0,No,1,Non-Junction,1,Not an Intersection,4,On Roadside,0,None,2,Dark - Not Lighted,2,Rain,0,No,0000000,Not Applicable,99,Unknown,99,Unknown,99,Unknown EMS Scene Arrival Hour,99,Unknown EMS Scene Arrival Minutes,99,Unknown,99,Unknown EMS Hospital Arrival Time,1
51,Virginia,510371,0,0,1,1,0,1,1,87,HENRICO (87),0,NOT APPLICABLE,6,June,14,14,3,Tuesday,2022,9,9:00am-9:59am,15,15,E RICHMOND RD,NA,6,Local Street - Municipality,2,Urban,3,Principal Arterial - Other,99,Unknown,0,This section IS NOT on the NHS,0,No Special Jurisdiction,6,6,37.54670556,37.54670556,-77.37369444,-77.37369444,42,Tree (Standing Only),0,The First Harmful Event was Not a Collision with a Motor Vehicle in Transport,0,No,1,Non-Junction,1,Not an Intersection,4,On Roadside,0,None,1,Daylight,98,Not Reported,0,No,0000000,Not Applicable,99,Unknown,99,Unknown,99,Unknown EMS Scene Arrival Hour,99,Unknown EMS Scene Arrival Minutes,99,Unknown,99,Unknown EMS Hospital Arrival Time,1
51,Virginia,510372,0,0,1,1,0,1,1,27,BUCHANAN (27),0,NOT APPLICABLE,6,June,13,13,2,Monday,2022,17,5:00pm-5:59pm,0,0,CR-628,NA,4,County Road,1,Rural,7,Local,1,State Highway Agency,0,This section IS NOT on the NHS,0,No Special Jurisdiction,34,34,37.22800278,37.22800278,-81.88910833,-81.88910833,1,Rollover/Overturn,0,The First Harmful Event was Not a Collision with a Motor Vehicle in Transport,0,No,1,Non-Junction,1,Not an Intersection,4,On Roadside,0,None,1,Daylight,98,Not Reported,0,No,0000000,Not Applicable,99,Unknown,99,Unknown,99,Unknown EMS Scene Arrival Hour,99,Unknown EMS Scene Arrival Minutes,99,Unknown,99,Unknown EMS Hospital Arrival Time,1
51,Virginia,510373,1,1,1,1,0,1,1,37,CHARLOTTE (37),0,NOT APPLICABLE,6,June,13,13,2,Monday,2022,19,7:00pm-7:59pm,50,50,CR-710,NA,4,County Road,1,Rural,7,Local,1,State Highway Agency,0,This section IS NOT on the NHS,0,No Special Jurisdiction,30,30,36.93768056,36.93768056,-78.52283333,-78.52283333,8,Pedestrian,0,The First Harmful Event was Not a Collision with a Motor Vehicle in Transport,0,No,1,Non-Junction,1,Not an Intersection,1,On Roadway,0,None,1,Daylight,98,Not Reported,0,No,0000000,Not Applicable,99,Unknown,98,Unknown if Notified,99,Unknown EMS Scene Arrival Hour,98,Unknown if Arrived,88,Not Applicable (Not Transported),88,Not Applicable (Not Transported),1
51,Virginia,510374,0,0,2,2,0,2,2,760,RICHMOND (CITY) (760),2060,RICHMOND,5,May,30,30,2,Monday,2022,9,9:00am-9:59am,45,45,I-95,NA,1,Interstate,2,Urban,1,Interstate,1,State Highway Agency,1,This section IS ON the NHS,0,No Special Jurisdiction,723,723,37.50393611,37.50393611,-77.42695,-77.42695,24,Guardrail Face,0,The First Harmful Event was Not a Collision with a Motor Vehicle in Transport,0,No,1,Non-Junction,1,Not an Intersection,4,On Roadside,0,None,1,Daylight,98,Not Reported,0,No,0000000,Not Applicable,99,Unknown,98,Unknown if Notified,99,Unknown EMS Scene Arrival Hour,98,Unknown if Arrived,88,Not Applicable (Not Transported),88,Not Applicable (Not Transported),1
51,Virginia,510375,0,0,1,1,0,1,1,139,PAGE (139),0,NOT APPLICABLE,6,June,9,9,5,Thursday,2022,20,8:00pm-8:59pm,40,40,US-211,NA,2,US Highway,1,Rural,3,Principal Arterial - Other,1,State Highway Agency,1,This section IS ON the NHS,0,No Special Jurisdiction,57,57,38.64280278,38.64280278,-78.59826111,-78.59826111,24,Guardrail Face,0,The First Harmful Event was Not a Collision with a Motor Vehicle in Transport,0,No,1,Non-Junction,1,Not an Intersection,4,On Roadside,0,None,5,Dusk,98,Not Reported,0,No,0000000,Not Applicable,99,Unknown,99,Unknown,99,Unknown EMS Scene Arrival Hour,99,Unknown EMS Scene Arrival Minutes,99,Unknown,99,Unknown EMS Hospital Arrival Time,1
51,Virginia,510376,0,0,1,1,0,1,1,13,ARLINGTON (13),100,ARLINGTON,6,June,10,10,6,Friday,2022,1,1:00am-1:59am,28,28,I-395 RAMP,NA,1,Interstate,2,Urban,3,Principal Arterial - Other,1,State Highway Agency,1,This section IS ON the NHS,0,No Special Jurisdiction,0,None,38.86475833,38.86475833,-77.06958611,-77.06958611,33,Curb,0,The First Harmful Event was Not a Collision with a Motor Vehicle in Transport,1,Yes,5,Entrance/Exit Ramp Related,1,Not an Intersection,4,On Roadside,0,None,3,Dark - Lighted,98,Not Reported,0,No,0000000,Not Applicable,99,Unknown,99,Unknown,99,Unknown EMS Scene Arrival Hour,99,Unknown EMS Scene Arrival Minutes,99,Unknown,99,Unknown EMS Hospital Arrival Time,1
51,Virginia,510377,1,1,2,2,0,1,1,59,FAIRFAX (59),1703,NEWINGTON,5,May,21,21,7,Saturday,2022,2,2:00am-2:59am,56,56,I-95,NA,1,Interstate,2,Urban,1,Interstate,1,State Highway Agency,1,This section IS ON the NHS,0,No Special Jurisdiction,1660,1660,38.72584722,38.72584722,-77.20264444,-77.20264444,12,Motor Vehicle In-Transport,1,Front-to-Rear,0,No,1,Non-Junction,1,Not an Intersection,1,On Roadway,0,None,3,Dark - Lighted,98,Not Reported,0,No,0000000,Not Applicable,99,Unknown,99,Unknown,99,Unknown EMS Scene Arrival Hour,99,Unknown EMS Scene Arrival Minutes,99,Unknown,99,Unknown EMS Hospital Arrival Time,1
51,Virginia,510378,1,1,1,1,0,1,1,650,HAMPTON (CITY) (650),1180,HAMPTON,6,June,2,2,5,Thursday,2022,23,11:00pm-11:59pm,5,5,SR-172/COMMANDER SHEPARD BLVD,RESEARCH DR,3,State Highway,2,Urban,4,Minor Arterial,4,City or Municipal Highway Agency,0,This section IS NOT on the NHS,0,No Special Jurisdiction,15,15,37.09151111,37.09151111,-76.38730278,-76.38730278,9,Pedalcyclist,0,The First Harmful Event was Not a Collision with a Motor Vehicle in Transport,0,No,2,Intersection,3,T-Intersection,1,On Roadway,0,None,2,Dark - Not Lighted,98,Not Reported,0,No,0000000,Not Applicable,99,Unknown,99,Unknown,99,Unknown EMS Scene Arrival Hour,99,Unknown EMS Scene Arrival Minutes,99,Unknown,99,Unknown EMS Hospital Arrival Time,1
51,Virginia,510379,0,0,1,1,0,1,1,183,SUSSEX (183),0,NOT APPLICABLE,6,June,16,16,5,Thursday,2022,22,10:00pm-10:59pm,28,28,SR-35/JERSUSALEM PLANK RD,NA,3,State Highway,1,Rural,4,Minor Arterial,1,State Highway Agency,0,This section IS NOT on the NHS,0,No Special Jurisdiction,377,377,36.97732778,36.97732778,-77.22464167,-77.22464167,34,Ditch,0,The First Harmful Event was Not a Collision with a Motor Vehicle in Transport,0,No,1,Non-Junction,1,Not an Intersection,4,On Roadside,0,None,2,Dark - Not Lighted,2,Rain,0,No,0000000,Not Applicable,99,Unknown,98,Unknown if Notified,99,Unknown EMS Scene Arrival Hour,98,Unknown if Arrived,88,Not Applicable (Not Transported),88,Not Applicable (Not Transported),1
51,Virginia,510380,0,0,1,1,0,1,1,3,ALBEMARLE (3),0,NOT APPLICABLE,6,June,11,11,7,Saturday,2022,2,2:00am-2:59am,5,5,CR-637,NA,4,County Road,1,Rural,5,Major Collector,1,State Highway Agency,0,This section IS NOT on the NHS,0,No Special Jurisdiction,142,142,38.03091944,38.03091944,-78.61508333,-78.61508333,42,Tree (Standing Only),0,The First Harmful Event was Not a Collision with a Motor Vehicle in Transport,0,No,1,Non-Junction,1,Not an Intersection,4,On Roadside,0,None,2,Dark - Not Lighted,2,Rain,0,No,0000000,Not Applicable,99,Unknown,98,Unknown if Notified,99,Unknown EMS Scene Arrival Hour,98,Unknown if Arrived,88,Not Applicable (Not Transported),88,Not Applicable (Not Transported),1
51,Virginia,510381,0,0,1,1,0,1,1,107,LOUDOUN (107),0,NOT APPLICABLE,6,June,19,19,1,Sunday,2022,5,5:00am-5:59am,20,20,CR-2150,NA,4,County Road,2,Urban,3,Principal Arterial - Other,1,State Highway Agency,1,This section IS ON the NHS,0,No Special Jurisdiction,26,26,39.04582222,39.04582222,-77.48059722,-77.48059722,34,Ditch,0,The First Harmful Event was Not a Collision with a Motor Vehicle in Transport,0,No,1,Non-Junction,1,Not an Intersection,3,On Median,0,None,4,Dawn,98,Not Reported,0,No,0000000,Not Applicable,99,Unknown,98,Unknown if Notified,99,Unknown EMS Scene Arrival Hour,98,Unknown if Arrived,88,Not Applicable (Not Transported),88,Not Applicable (Not Transported),1
51,Virginia,510382,0,0,1,1,0,1,1,175,SOUTHAMPTON (175),0,NOT APPLICABLE,6,June,17,17,6,Friday,2022,13,1:00pm-1:59pm,32,32,CR-628,NA,4,County Road,1,Rural,3,Principal Arterial - Other,1,State Highway Agency,1,This section IS ON the NHS,0,No Special Jurisdiction,34,34,36.803975,36.803975,-77.06713333,-77.06713333,1,Rollover/Overturn,0,The First Harmful Event was Not a Collision with a Motor Vehicle in Transport,0,No,1,Non-Junction,1,Not an Intersection,4,On Roadside,0,None,1,Daylight,98,Not Reported,0,No,0000000,Not Applicable,99,Unknown,98,Unknown if Notified,99,Unknown EMS Scene Arrival Hour,98,Unknown if Arrived,88,Not Applicable (Not Transported),88,Not Applicable (Not Transported),1
51,Virginia,510383,0,0,1,1,0,1,1,1,ACCOMACK (1),0,NOT APPLICABLE,6,June,13,13,2,Monday,2022,19,7:00pm-7:59pm,15,15,CR-637,NA,4,County Road,1,Rural,7,Local,1,State Highway Agency,0,This section IS NOT on the NHS,0,No Special Jurisdiction,27,27,37.69033611,37.69033611,-75.77484722,-75.77484722,42,Tree (Standing Only),0,The First Harmful Event was Not a Collision with a Motor Vehicle in Transport,0,No,1,Non-Junction,1,Not an Intersection,4,On Roadside,0,None,1,Daylight,98,Not Reported,0,No,0000000,Not Applicable,99,Unknown,98,Unknown if Notified,99,Unknown EMS Scene Arrival Hour,98,Unknown if Arrived,88,Not Applicable (Not Transported),88,Not Applicable (Not Transported),1
51,Virginia,510384,0,0,1,1,0,1,1,169,SCOTT (169),0,NOT APPLICABLE,6,June,17,17,6,Friday,2022,9,9:00am-9:59am,45,45,US-58,NA,2,US Highway,1,Rural,3,Principal Arterial - Other,1,State Highway Agency,1,This section IS ON the NHS,0,No Special Jurisdiction,772,772,36.64356111,36.64356111,-82.45640833,-82.45640833,42,Tree (Standing Only),0,The First Harmful Event was Not a Collision with a Motor Vehicle in Transport,0,No,1,Non-Junction,1,Not an Intersection,4,On Roadside,0,None,1,Daylight,98,Not Reported,0,No,0000000,Not Applicable,99,Unknown,98,Unknown if Notified,99,Unknown EMS Scene Arrival Hour,98,Unknown if Arrived,88,Not Applicable (Not Transported),88,Not Applicable (Not Transported),1
51,Virginia,510385,0,0,2,2,0,3,3,49,CUMBERLAND (49),0,NOT APPLICABLE,6,June,19,19,1,Sunday,2022,18,6:00pm-6:59pm,13,13,US-60,NA,2,US Highway,1,Rural,3,Principal Arterial - Other,1,State Highway Agency,1,This section IS ON the NHS,0,No Special Jurisdiction,1502,1502,37.54489444,37.54489444,-78.11574444,-78.11574444,12,Motor Vehicle In-Transport,7,Sideswipe - Same Direction,0,No,1,Non-Junction,1,Not an Intersection,1,On Roadway,0,None,1,Daylight,98,Not Reported,0,No,0000000,Not Applicable,99,Unknown,98,Unknown if Notified,99,Unknown EMS Scene Arrival Hour,98,Unknown if Arrived,88,Not Applicable (Not Transported),88,Not Applicable (Not Transported),1
51,Virginia,510386,1,1,1,1,0,2,2,590,DANVILLE(CITY) (590),720,DANVILLE,6,June,18,18,7,Saturday,2022,22,10:00pm-10:59pm,49,49,US-58,N MAIN,2,US Highway,2,Urban,3,Principal Arterial - Other,99,Unknown,1,This section IS ON the NHS,0,No Special Jurisdiction,97,97,36.59111944,36.59111944,-79.38721667,-79.38721667,8,Pedestrian,0,The First Harmful Event was Not a Collision with a Motor Vehicle in Transport,0,No,2,Intersection,2,Four-Way Intersection,1,On Roadway,0,None,3,Dark - Lighted,98,Not Reported,0,No,0000000,Not Applicable,99,Unknown,98,Unknown if Notified,99,Unknown EMS Scene Arrival Hour,98,Unknown if Arrived,88,Not Applicable (Not Transported),88,Not Applicable (Not Transported),1
51,Virginia,510387,1,1,1,1,0,1,1,730,PETERSBURG (CITY) (730),1910,PETERSBURG,3,March,18,18,6,Friday,2022,21,9:00pm-9:59pm,19,19,US-1,W WYTHE ST,2,US Highway,2,Urban,3,Principal Arterial - Other,4,City or Municipal Highway Agency,1,This section IS ON the NHS,0,No Special Jurisdiction,697,697,37.22360278,37.22360278,-77.41712222,-77.41712222,8,Pedestrian,0,The First Harmful Event was Not a Collision with a Motor Vehicle in Transport,0,No,2,Intersection,2,Four-Way Intersection,1,On Roadway,0,None,2,Dark - Not Lighted,98,Not Reported,0,No,0000000,Not Applicable,99,Unknown,98,Unknown if Notified,99,Unknown EMS Scene Arrival Hour,98,Unknown if Arrived,88,Not Applicable (Not Transported),88,Not Applicable (Not Transported),1
51,Virginia,510388,0,0,1,1,0,1,1,550,CHESAPEAKE(CITY) (550),468,CHESAPEAKE,5,May,2,2,2,Monday,2022,6,6:00am-6:59am,32,32,I-464,NA,1,Interstate,2,Urban,1,Interstate,1,State Highway Agency,1,This section IS ON the NHS,0,No Special Jurisdiction,0,None,36.77266389,36.77266389,-76.275025,-76.275025,42,Tree (Standing Only),0,The First Harmful Event was Not a Collision with a Motor Vehicle in Transport,0,No,1,Non-Junction,1,Not an Intersection,4,On Roadside,0,None,1,Daylight,98,Not Reported,0,No,0000000,Not Applicable,99,Unknown,99,Unknown,99,Unknown EMS Scene Arrival Hour,99,Unknown EMS Scene Arrival Minutes,99,Unknown,99,Unknown EMS Hospital Arrival Time,1
51,Virginia,510389,0,0,1,1,0,1,1,73,GLOUCESTER (73),0,NOT APPLICABLE,5,May,1,1,1,Sunday,2022,19,7:00pm-7:59pm,44,44,CR-656,NA,4,County Road,1,Rural,6,Minor Collector,1,State Highway Agency,0,This section IS NOT on the NHS,1,National Park Service,18,18,37.30668333,37.30668333,-76.47551389,-76.47551389,34,Ditch,0,The First Harmful Event was Not a Collision with a Motor Vehicle in Transport,0,No,1,Non-Junction,1,Not an Intersection,4,On Roadside,0,None,5,Dusk,98,Not Reported,0,No,0000000,Not Applicable,99,Unknown,99,Unknown,99,Unknown EMS Scene Arrival Hour,99,Unknown EMS Scene Arrival Minutes,99,Unknown,99,Unknown EMS Hospital Arrival Time,1
51,Virginia,510390,0,0,2,2,0,5,5,137,ORANGE (137),0,NOT APPLICABLE,5,May,7,7,7,Saturday,2022,9,9:00am-9:59am,50,50,US-522,NA,2,US Highway,1,Rural,4,Minor Arterial,1,State Highway Agency,0,This section IS NOT on the NHS,0,No Special Jurisdiction,623,623,38.33865556,38.33865556,-77.95561667,-77.95561667,24,Guardrail Face,0,The First Harmful Event was Not a Collision with a Motor Vehicle in Transport,0,No,1,Non-Junction,1,Not an Intersection,4,On Roadside,0,None,1,Daylight,98,Not Reported,0,No,0000000,Not Applicable,99,Unknown,99,Unknown,99,Unknown EMS Scene Arrival Hour,99,Unknown EMS Scene Arrival Minutes,99,Unknown,99,Unknown EMS Hospital Arrival Time,1
51,Virginia,510391,0,0,1,1,0,1,1,177,SPOTSYLVANIA (177),0,NOT APPLICABLE,5,May,12,12,5,Thursday,2022,0,0:00am-0:59am,58,58,SR-208/COURTHOUSE RD,NA,3,State Highway,1,Rural,4,Minor Arterial,1,State Highway Agency,0,This section IS NOT on the NHS,0,No Special Jurisdiction,245,245,38.08988333,38.08988333,-77.80735833,-77.80735833,59,Traffic Sign Support,0,The First Harmful Event was Not a Collision with a Motor Vehicle in Transport,0,No,1,Non-Junction,1,Not an Intersection,4,On Roadside,0,None,2,Dark - Not Lighted,98,Not Reported,0,No,0000000,Not Applicable,99,Unknown,98,Unknown if Notified,99,Unknown EMS Scene Arrival Hour,98,Unknown if Arrived,88,Not Applicable (Not Transported),88,Not Applicable (Not Transported),1
51,Virginia,510392,0,0,2,2,0,2,2,139,PAGE (139),0,NOT APPLICABLE,5,May,11,11,4,Wednesday,2022,17,5:00pm-5:59pm,0,0,US-340,NA,2,US Highway,1,Rural,4,Minor Arterial,1,State Highway Agency,0,This section IS NOT on the NHS,0,No Special Jurisdiction,737,737,38.70411389,38.70411389,-78.44108333,-78.44108333,12,Motor Vehicle In-Transport,6,Angle,0,No,8,Driveway Access Related,1,Not an Intersection,1,On Roadway,0,None,1,Daylight,98,Not Reported,0,No,0000000,Not Applicable,99,Unknown,99,Unknown,99,Unknown EMS Scene Arrival Hour,99,Unknown EMS Scene Arrival Minutes,99,Unknown,99,Unknown EMS Hospital Arrival Time,1
51,Virginia,510393,2,2,3,3,0,3,3,510,ALEXANDRIA (CITY) (510),40,ALEXANDRIA,5,May,12,12,5,Thursday,2022,22,10:00pm-10:59pm,55,55,I-495-95,NA,1,Interstate,2,Urban,1,Interstate,1,State Highway Agency,1,This section IS ON the NHS,0,No Special Jurisdiction,1770,1770,38.79804722,38.79804722,-77.06744167,-77.06744167,8,Pedestrian,0,The First Harmful Event was Not a Collision with a Motor Vehicle in Transport,0,No,1,Non-Junction,1,Not an Intersection,1,On Roadway,0,None,3,Dark - Lighted,98,Not Reported,0,No,0000000,Not Applicable,99,Unknown,98,Unknown if Notified,99,Unknown EMS Scene Arrival Hour,98,Unknown if Arrived,88,Not Applicable (Not Transported),88,Not Applicable (Not Transported),2
51,Virginia,510394,0,0,1,1,0,1,1,165,ROCKINGHAM (165),290,BRIDGEWATER,5,May,14,14,7,Saturday,2022,22,10:00pm-10:59pm,15,15,SR-42/MAIN ST,NA,3,State Highway,2,Urban,3,Principal Arterial - Other,4,City or Municipal Highway Agency,1,This section IS ON the NHS,0,No Special Jurisdiction,2214,2214,38.39303333,38.39303333,-78.96292778,-78.96292778,59,Traffic Sign Support,0,The First Harmful Event was Not a Collision with a Motor Vehicle in Transport,0,No,1,Non-Junction,1,Not an Intersection,3,On Median,0,None,2,Dark - Not Lighted,5,"Fog, Smog, Smoke",0,No,0000000,Not Applicable,99,Unknown,99,Unknown,99,Unknown EMS Scene Arrival Hour,99,Unknown EMS Scene Arrival Minutes,99,Unknown,99,Unknown EMS Hospital Arrival Time,1
51,Virginia,510395,0,0,3,3,0,3,3,800,SUFFOLK (CITY) (800),2390,SUFFOLK,5,May,20,20,6,Friday,2022,6,6:00am-6:59am,35,35,HOSIER RD,NA,6,Local Street - Municipality,1,Rural,5,Major Collector,4,City or Municipal Highway Agency,0,This section IS NOT on the NHS,0,No Special Jurisdiction,117,117,36.70674722,36.70674722,-76.57893333,-76.57893333,12,Motor Vehicle In-Transport,2,Front-to-Front,0,No,1,Non-Junction,1,Not an Intersection,1,On Roadway,0,None,1,Daylight,98,Not Reported,0,No,0000000,Not Applicable,99,Unknown,99,Unknown,99,Unknown EMS Scene Arrival Hour,99,Unknown EMS Scene Arrival Minutes,99,Unknown,99,Unknown EMS Hospital Arrival Time,1
51,Virginia,510396,0,0,1,1,0,1,1,61,FAUQUIER (61),0,NOT APPLICABLE,5,May,17,17,3,Tuesday,2022,14,2:00pm-2:59pm,56,56,CR-643,NA,4,County Road,1,Rural,3,Principal Arterial - Other,1,State Highway Agency,1,This section IS ON the NHS,0,No Special Jurisdiction,33,33,38.63415556,38.63415556,-77.72098611,-77.72098611,42,Tree (Standing Only),0,The First Harmful Event was Not a Collision with a Motor Vehicle in Transport,0,No,1,Non-Junction,1,Not an Intersection,4,On Roadside,0,None,1,Daylight,98,Not Reported,0,No,0000000,Not Applicable,99,Unknown,98,Unknown if Notified,99,Unknown EMS Scene Arrival Hour,98,Unknown if Arrived,88,Not Applicable (Not Transported),88,Not Applicable (Not Transported),1
51,Virginia,510397,1,1,1,1,0,2,2,93,ISLE OF WIGHT (93),0,NOT APPLICABLE,5,May,19,19,5,Thursday,2022,18,6:00pm-6:59pm,17,17,CR-620,RT 680,4,County Road,1,Rural,5,Major Collector,1,State Highway Agency,0,This section IS NOT on the NHS,0,No Special Jurisdiction,84,84,36.96420556,36.96420556,-76.69285278,-76.69285278,9,Pedalcyclist,0,The First Harmful Event was Not a Collision with a Motor Vehicle in Transport,0,No,2,Intersection,3,T-Intersection,1,On Roadway,0,None,1,Daylight,98,Not Reported,0,No,0000000,Not Applicable,99,Unknown,98,Unknown if Notified,99,Unknown EMS Scene Arrival Hour,98,Unknown if Arrived,88,Not Applicable (Not Transported),88,Not Applicable (Not Transported),1
51,Virginia,510398,0,0,3,2,1,3,3,3,ALBEMARLE (3),0,NOT APPLICABLE,5,May,19,19,5,Thursday,2022,17,5:00pm-5:59pm,31,31,US-29,I-64 EXIT 118,2,US Highway,1,Rural,3,Principal Arterial - Other,1,State Highway Agency,1,This section IS ON the NHS,0,No Special Jurisdiction,1348,1348,38.02680278,38.02680278,-78.52780278,-78.52780278,12,Motor Vehicle In-Transport,6,Angle,0,No,2,Intersection,2,Four-Way Intersection,1,On Roadway,0,None,1,Daylight,98,Not Reported,0,No,0000000,Not Applicable,99,Unknown,99,Unknown,99,Unknown EMS Scene Arrival Hour,99,Unknown EMS Scene Arrival Minutes,99,Unknown,99,Unknown EMS Hospital Arrival Time,2
51,Virginia,510399,0,0,2,2,0,4,4,71,GILES (71),1890,PEMBROKE,5,May,27,27,6,Friday,2022,19,7:00pm-7:59pm,38,38,US-460,CASCADE DR,2,US Highway,1,Rural,3,Principal Arterial - Other,1,State Highway Agency,1,This section IS ON the NHS,0,No Special Jurisdiction,984,984,37.32076111,37.32076111,-80.63908056,-80.63908056,12,Motor Vehicle In-Transport,2,Front-to-Front,0,No,2,Intersection,2,Four-Way Intersection,1,On Roadway,0,None,1,Daylight,98,Not Reported,0,No,0000000,Not Applicable,99,Unknown,99,Unknown,99,Unknown EMS Scene Arrival Hour,99,Unknown EMS Scene Arrival Minutes,99,Unknown,99,Unknown EMS Hospital Arrival Time,1
51,Virginia,510400,0,0,2,2,0,3,3,179,STAFFORD (179),0,NOT APPLICABLE,5,May,29,29,1,Sunday,2022,19,7:00pm-7:59pm,35,35,CR-1486,NA,4,County Road,2,Urban,3,Principal Arterial - Other,1,State Highway Agency,1,This section IS ON the NHS,0,No Special Jurisdiction,15,15,38.42776389,38.42776389,-77.42580833,-77.42580833,12,Motor Vehicle In-Transport,6,Angle,0,No,1,Non-Junction,1,Not an Intersection,1,On Roadway,0,None,1,Daylight,98,Not Reported,0,No,0000000,Not Applicable,99,Unknown,98,Unknown if Notified,99,Unknown EMS Scene Arrival Hour,98,Unknown if Arrived,88,Not Applicable (Not Transported),88,Not Applicable (Not Transported),3
51,Virginia,510401,0,0,1,1,0,1,1,810,VIRGINIA BEACH (CITY) (810),2540,VIRGINIA BEACH,5,May,26,26,5,Thursday,2022,14,2:00pm-2:59pm,26,26,SWALLOW DR,NA,6,Local Street - Municipality,2,Urban,7,Local,99,Unknown,0,This section IS NOT on the NHS,0,No Special Jurisdiction,0,None,36.80179167,36.80179167,-76.07560833,-76.07560833,42,Tree (Standing Only),0,The First Harmful Event was Not a Collision with a Motor Vehicle in Transport,0,No,1,Non-Junction,1,Not an Intersection,4,On Roadside,0,None,1,Daylight,98,Not Reported,0,No,0000000,Not Applicable,99,Unknown,98,Unknown if Notified,99,Unknown EMS Scene Arrival Hour,98,Unknown if Arrived,88,Not Applicable (Not Transported),88,Not Applicable (Not Transported),1
51,Virginia,510402,1,1,1,1,0,1,1,810,VIRGINIA BEACH (CITY) (810),2540,VIRGINIA BEACH,5,May,28,28,7,Saturday,2022,16,4:00pm-4:59pm,40,40,US-58,NA,2,US Highway,2,Urban,3,Principal Arterial - Other,4,City or Municipal Highway Agency,1,This section IS ON the NHS,0,No Special Jurisdiction,5039,5039,36.841875,36.841875,-76.087025,-76.087025,8,Pedestrian,0,The First Harmful Event was Not a Collision with a Motor Vehicle in Transport,0,No,1,Non-Junction,1,Not an Intersection,1,On Roadway,0,None,1,Daylight,98,Not Reported,0,No,0000000,Not Applicable,99,Unknown,98,Unknown if Notified,99,Unknown EMS Scene Arrival Hour,98,Unknown if Arrived,88,Not Applicable (Not Transported),88,Not Applicable (Not Transported),1
51,Virginia,510403,0,0,2,2,0,2,2,93,ISLE OF WIGHT (93),0,NOT APPLICABLE,5,May,28,28,7,Saturday,2022,23,11:00pm-11:59pm,25,25,CR-611,NA,4,County Road,1,Rural,7,Local,1,State Highway Agency,0,This section IS NOT on the NHS,0,No Special Jurisdiction,97,97,36.73473056,36.73473056,-76.91585,-76.91585,11,Live Animal,0,The First Harmful Event was Not a Collision with a Motor Vehicle in Transport,0,No,1,Non-Junction,1,Not an Intersection,1,On Roadway,0,None,2,Dark - Not Lighted,98,Not Reported,0,No,0000000,Not Applicable,99,Unknown,98,Unknown if Notified,99,Unknown EMS Scene Arrival Hour,98,Unknown if Arrived,88,Not Applicable (Not Transported),88,Not Applicable (Not Transported),1
51,Virginia,510404,0,0,2,2,0,2,2,77,GRAYSON (77),0,NOT APPLICABLE,6,June,2,2,5,Thursday,2022,11,11:00am-11:59am,45,45,SR-16/TROUTDALE HWY,NA,3,State Highway,1,Rural,4,Minor Arterial,1,State Highway Agency,0,This section IS NOT on the NHS,0,No Special Jurisdiction,87,87,36.62902778,36.62902778,-81.39690556,-81.39690556,12,Motor Vehicle In-Transport,8,Sideswipe - Opposite Direction,0,No,1,Non-Junction,1,Not an Intersection,1,On Roadway,0,None,1,Daylight,98,Not Reported,0,No,0000000,Not Applicable,99,Unknown,99,Unknown,99,Unknown EMS Scene Arrival Hour,99,Unknown EMS Scene Arrival Minutes,99,Unknown,99,Unknown EMS Hospital Arrival Time,1