STATE,STATENAME,ST_CASE,PEDS,PERNOTMVIT,VE_TOTAL,VE_FORMS,PVH_INVL,PERSONS,PERMVIT,COUNTY,COUNTYNAME,CITY,CITYNAME,MONTH,MONTHNAME,DAY,DAYNAME,DAY_WEEK,DAY_WEEKNAME,YEAR,HOUR,HOURNAME,MINUTE,MINUTENAME,TWAY_ID,TWAY_ID2,ROUTE,ROUTENAME,RUR_URB,RUR_URBNAME,FUNC_SYS,FUNC_SYSNAME,RD_OWNER,RD_OWNERNAME,NHS,NHSNAME,SP_JUR,SP_JURNAME,MILEPT,MILEPTNAME,LATITUDE,LATITUDENAME,LONGITUD,LONGITUDNAME,HARM_EV,HARM_EVNAME,MAN_COLL,MAN_COLLNAME,RELJCT1,RELJCT1NAME,RELJCT2,RELJCT2NAME,TYP_INT,TYP_INTNAME,REL_ROAD,REL_ROADNAME,WRK_ZONE,WRK_ZONENAME,LGT_COND,LGT_CONDNAME,WEATHER,WEATHERNAME,SCH_BUS,SCH_BUSNAME,RAIL,RAILNAME,NOT_HOUR,NOT_HOURNAME,NOT_MIN,NOT_MINNAME,ARR_HOUR,ARR_HOURNAME,ARR_MIN,ARR_MINNAME,HOSP_HR,HOSP_HRNAME,HOSP_MN,HOSP_MNNAME,FATALS
51,Virginia,510549,0,0,1,1,0,2,2,107,LOUDOUN (107),0,NOT APPLICABLE,8,August,4,4,5,Thursday,2022,12,12:00pm-12:59pm,29,29,CR-2893,LANDSDOWNE WOODS BLVD,4,County Road,1,Rural,3,Principal Arterial - Other,1,State Highway Agency,1,This section IS ON the NHS,0,No Special Jurisdiction,1,1,39.07964167,39.07964167,-77.47025556,-77.47025556,35,Embankment,0,The First Harmful Event was Not a Collision with a Motor Vehicle in Transport,1,Yes,3,Intersection-Related,3,T-Intersection,4,On Roadside,0,None,1,Daylight,98,Not Reported,0,No,0000000,Not Applicable,99,Unknown,99,Unknown,99,Unknown EMS Scene Arrival Hour,99,Unknown EMS Scene Arrival Minutes,99,Unknown,99,Unknown EMS Hospital Arrival Time,1
51,Virginia,510550,0,0,1,1,0,1,1,95,JAMES CITY (95),0,NOT APPLICABLE,8,August,10,10,4,Wednesday,2022,7,7:00am-7:59am,15,15,I-64,NA,1,Interstate,1,Rural,1,Interstate,1,State Highway Agency,1,This section IS ON the NHS,0,No Special Jurisdiction,2257,2257,37.43606389,37.43606389,-76.84760556,-76.84760556,42,Tree (Standing Only),0,The First Harmful Event was Not a Collision with a Motor Vehicle in Transport,0,No,1,Non-Junction,1,Not an Intersection,4,On Roadside,0,None,1,Daylight,98,Not Reported,0,No,0000000,Not Applicable,99,Unknown,98,Unknown if Notified,99,Unknown EMS Scene Arrival Hour,98,Unknown if Arrived,88,Not Applicable (Not Transported),88,Not Applicable (Not Transported),1
51,Virginia,510551,0,0,1,1,0,1,1,5,ALLEGHANY (5),0,NOT APPLICABLE,8,August,10,10,4,Wednesday,2022,9,9:00am-9:59am,45,45,CR-629,NA,4,County Road,1,Rural,5,Major Collector,1,State Highway Agency,0,This section IS NOT on the NHS,0,No Special Jurisdiction,26,26,37.85863611,37.85863611,-79.81431389,-79.81431389,42,Tree (Standing Only),0,The First Harmful Event was Not a Collision with a Motor Vehicle in Transport,0,No,1,Non-Junction,1,Not an Intersection,4,On Roadside,0,None,1,Daylight,98,Not Reported,0,No,0000000,Not Applicable,99,Unknown,98,Unknown if Notified,99,Unknown EMS Scene Arrival Hour,98,Unknown if Arrived,88,Not Applicable (Not Transported),88,Not Applicable (Not Transported),1
51,Virginia,510552,1,1,1,1,0,1,1,143,PITTSYLVANIA (143),0,NOT APPLICABLE,8,August,10,10,4,Wednesday,2022,20,8:00pm-8:59pm,25,25,US-29,NA,2,US Highway,1,Rural,3,Principal Arterial - Other,1,State Highway Agency,1,This section IS ON the NHS,0,No Special Jurisdiction,288,288,36.86827778,36.86827778,-79.40691667,-79.40691667,8,Pedestrian,0,The First Harmful Event was Not a Collision with a Motor Vehicle in Transport,0,No,1,Non-Junction,1,Not an Intersection,1,On Roadway,0,None,2,Dark - Not Lighted,98,Not Reported,0,No,0000000,Not Applicable,99,Unknown,98,Unknown if Notified,99,Unknown EMS Scene Arrival Hour,98,Unknown if Arrived,88,Not Applicable (Not Transported),88,Not Applicable (Not Transported),1
51,Virginia,510553,0,0,1,1,0,2,2,147,PRINCE EDWARD (147),950,FARMVILLE,8,August,5,5,6,Friday,2022,12,12:00pm-12:59pm,43,43,CHURCH ST,S VIRGINIA ST,6,Local Street - Municipality,2,Urban,7,Local,4,City or Municipal Highway Agency,0,This section IS NOT on the NHS,0,No Special Jurisdiction,0,None,37.29616667,37.29616667,-78.39185,-78.39185,5,Fell/Jumped from Vehicle,0,The First Harmful Event was Not a Collision with a Motor Vehicle in Transport,0,No,3,Intersection-Related,2,Four-Way Intersection,1,On Roadway,0,None,1,Daylight,98,Not Reported,0,No,0000000,Not Applicable,99,Unknown,99,Unknown,99,Unknown EMS Scene Arrival Hour,99,Unknown EMS Scene Arrival Minutes,99,Unknown,99,Unknown EMS Hospital Arrival Time,1
51,Virginia,510554,0,0,3,3,0,4,4,41,CHESTERFIELD (41),0,NOT APPLICABLE,8,August,11,11,5,Thursday,2022,10,10:00am-10:59am,0,0,CR-618,NA,4,County Road,2,Urban,4,Minor Arterial,1,State Highway Agency,0,This section IS NOT on the NHS,0,No Special Jurisdiction,45,45,37.36009722,37.36009722,-77.34179167,-77.34179167,12,Motor Vehicle In-Transport,7,Sideswipe - Same Direction,0,No,1,Non-Junction,1,Not an Intersection,1,On Roadway,0,None,1,Daylight,98,Not Reported,0,No,0000000,Not Applicable,99,Unknown,99,Unknown,99,Unknown EMS Scene Arrival Hour,99,Unknown EMS Scene Arrival Minutes,99,Unknown,99,Unknown EMS Hospital Arrival Time,1
51,Virginia,510555,0,0,1,1,0,1,1,135,NOTTOWAY (135),0,NOT APPLICABLE,8,August,10,10,4,Wednesday,2022,21,9:00pm-9:59pm,0,0,CR-626,NA,4,County Road,1,Rural,3,Principal Arterial - Other,1,State Highway Agency,1,This section IS ON the NHS,0,No Special Jurisdiction,59,59,37.07163611,37.07163611,-78.07814444,-78.07814444,34,Ditch,0,The First Harmful Event was Not a Collision with a Motor Vehicle in Transport,0,No,1,Non-Junction,1,Not an Intersection,4,On Roadside,0,None,2,Dark - Not Lighted,2,Rain,0,No,0000000,Not Applicable,99,Unknown,99,Unknown,99,Unknown EMS Scene Arrival Hour,99,Unknown EMS Scene Arrival Minutes,99,Unknown,99,Unknown EMS Hospital Arrival Time,1
51,Virginia,510556,0,0,1,1,0,1,1,153,PRINCE WILLIAM (153),0,NOT APPLICABLE,8,August,13,13,7,Saturday,2022,13,1:00pm-1:59pm,19,19,CR-619,NA,4,County Road,1,Rural,3,Principal Arterial - Other,1,State Highway Agency,1,This section IS ON the NHS,0,No Special Jurisdiction,178,178,38.60636667,38.60636667,-77.42295556,-77.42295556,34,Ditch,0,The First Harmful Event was Not a Collision with a Motor Vehicle in Transport,0,No,1,Non-Junction,1,Not an Intersection,4,On Roadside,0,None,1,Daylight,98,Not Reported,0,No,0000000,Not Applicable,99,Unknown,99,Unknown,99,Unknown EMS Scene Arrival Hour,99,Unknown EMS Scene Arrival Minutes,99,Unknown,99,Unknown EMS Hospital Arrival Time,1
51,Virginia,510557,2,2,1,1,0,1,1,87,HENRICO (87),0,NOT APPLICABLE,8,August,13,13,7,Saturday,2022,7,7:00am-7:59am,14,14,CR-7565,NA,4,County Road,2,Urban,5,Major Collector,2,County Highway Agency,0,This section IS NOT on the NHS,0,No Special Jurisdiction,51,51,37.47116667,37.47116667,-77.39979444,-77.39979444,9,Pedalcyclist,0,The First Harmful Event was Not a Collision with a Motor Vehicle in Transport,0,No,1,Non-Junction,1,Not an Intersection,1,On Roadway,0,None,1,Daylight,98,Not Reported,0,No,0000000,Not Applicable,99,Unknown,99,Unknown,99,Unknown EMS Scene Arrival Hour,99,Unknown EMS Scene Arrival Minutes,99,Unknown,99,Unknown EMS Hospital Arrival Time,1
51,Virginia,510558,0,0,2,2,0,2,2,59,FAIRFAX (59),0,NOT APPLICABLE,8,August,13,13,7,Saturday,2022,17,5:00pm-5:59pm,46,46,CR-643,NA,4,County Road,1,Rural,5,Major Collector,1,State Highway Agency,0,This section IS NOT on the NHS,0,No Special Jurisdiction,34,34,38.7461,38.7461,-77.32898889,-77.32898889,12,Motor Vehicle In-Transport,2,Front-to-Front,0,No,1,Non-Junction,1,Not an Intersection,1,On Roadway,0,None,1,Daylight,98,Not Reported,0,No,0000000,Not Applicable,99,Unknown,98,Unknown if Notified,99,Unknown EMS Scene Arrival Hour,98,Unknown if Arrived,88,Not Applicable (Not Transported),88,Not Applicable (Not Transported),1
51,Virginia,510559,0,0,1,1,0,1,1,185,TAZEWELL (185),0,NOT APPLICABLE,8,August,14,14,1,Sunday,2022,20,8:00pm-8:59pm,20,20,CR-637,NA,4,County Road,1,Rural,6,Minor Collector,1,State Highway Agency,0,This section IS NOT on the NHS,0,No Special Jurisdiction,124,124,37.135575,37.135575,-81.62781389,-81.62781389,35,Embankment,0,The First Harmful Event was Not a Collision with a Motor Vehicle in Transport,0,No,1,Non-Junction,1,Not an Intersection,4,On Roadside,0,None,5,Dusk,2,Rain,0,No,0000000,Not Applicable,99,Unknown,99,Unknown,99,Unknown EMS Scene Arrival Hour,99,Unknown EMS Scene Arrival Minutes,99,Unknown,99,Unknown EMS Hospital Arrival Time,1
51,Virginia,510560,0,0,1,1,0,1,1,760,RICHMOND (CITY) (760),2060,RICHMOND,8,August,14,14,1,Sunday,2022,22,10:00pm-10:59pm,34,34,N 5TH ST,NA,6,Local Street - Municipality,2,Urban,3,Principal Arterial - Other,4,City or Municipal Highway Agency,1,This section IS ON the NHS,0,No Special Jurisdiction,6,6,37.54831944,37.54831944,-77.43306667,-77.43306667,33,Curb,0,The First Harmful Event was Not a Collision with a Motor Vehicle in Transport,0,No,1,Non-Junction,1,Not an Intersection,4,On Roadside,0,None,3,Dark - Lighted,2,Rain,0,No,0000000,Not Applicable,99,Unknown,98,Unknown if Notified,99,Unknown EMS Scene Arrival Hour,98,Unknown if Arrived,88,Not Applicable (Not Transported),88,Not Applicable (Not Transported),1
51,Virginia,510561,0,0,4,1,3,1,1,730,PETERSBURG (CITY) (730),1910,PETERSBURG,8,August,13,13,7,Saturday,2022,0,0:00am-0:59am,33,33,SR/123 SPRING ST,NA,6,Local Street - Municipality,2,Urban,7,Local,1,State Highway Agency,0,This section IS NOT on the NHS,0,No Special Jurisdiction,2,2,37.21470833,37.21470833,-77.44054722,-77.44054722,14,Parked Motor Vehicle,0,The First Harmful Event was Not a Collision with a Motor Vehicle in Transport,0,No,1,Non-Junction,1,Not an Intersection,4,On Roadside,0,None,2,Dark - Not Lighted,98,Not Reported,0,No,0000000,Not Applicable,99,Unknown,98,Unknown if Notified,99,Unknown EMS Scene Arrival Hour,98,Unknown if Arrived,88,Not Applicable (Not Transported),88,Not Applicable (Not Transported),1
51,Virginia,510562,0,0,2,2,0,2,2,135,NOTTOWAY (135),680,CREWE,8,August,3,3,4,Wednesday,2022,6,6:00am-6:59am,40,40,US-460,COLONIAL TRAIL HWY,2,US Highway,2,Urban,3,Principal Arterial - Other,1,State Highway Agency,1,This section IS ON the NHS,0,No Special Jurisdiction,2722,2722,37.19038056,37.19038056,-78.15151944,-78.15151944,12,Motor Vehicle In-Transport,6,Angle,1,Yes,2,Intersection,2,Four-Way Intersection,1,On Roadway,0,None,1,Daylight,98,Not Reported,0,No,0000000,Not Applicable,99,Unknown,99,Unknown,99,Unknown EMS Scene Arrival Hour,99,Unknown EMS Scene Arrival Minutes,99,Unknown,99,Unknown EMS Hospital Arrival Time,1
51,Virginia,510563,0,0,2,2,0,4,4,41,CHESTERFIELD (41),0,NOT APPLICABLE,8,August,13,13,7,Saturday,2022,6,6:00am-6:59am,59,59,CR-678,NA,4,County Road,2,Urban,4,Minor Arterial,1,State Highway Agency,0,This section IS NOT on the NHS,0,No Special Jurisdiction,36,36,37.48087778,37.48087778,-77.55598333,-77.55598333,12,Motor Vehicle In-Transport,2,Front-to-Front,0,No,1,Non-Junction,1,Not an Intersection,1,On Roadway,0,None,1,Daylight,98,Not Reported,0,No,0000000,Not Applicable,99,Unknown,99,Unknown,99,Unknown EMS Scene Arrival Hour,99,Unknown EMS Scene Arrival Minutes,99,Unknown,99,Unknown EMS Hospital Arrival Time,1
51,Virginia,510564,0,0,1,1,0,1,1,35,CARROLL (35),0,NOT APPLICABLE,8,August,14,14,1,Sunday,2022,18,6:00pm-6:59pm,50,50,CR-691,NA,4,County Road,1,Rural,7,Local,1,State Highway Agency,0,This section IS NOT on the NHS,0,No Special Jurisdiction,67,67,36.62696389,36.62696389,-80.66790278,-80.66790278,35,Embankment,0,The First Harmful Event was Not a Collision with a Motor Vehicle in Transport,0,No,1,Non-Junction,1,Not an Intersection,4,On Roadside,0,None,1,Daylight,98,Not Reported,0,No,0000000,Not Applicable,99,Unknown,99,Unknown,99,Unknown EMS Scene Arrival Hour,99,Unknown EMS Scene Arrival Minutes,99,Unknown,99,Unknown EMS Hospital Arrival Time,1
51,Virginia,510565,0,0,3,3,0,3,3,710,NORFOLK (CITY) (710),1760,NORFOLK,8,August,15,15,2,Monday,2022,17,5:00pm-5:59pm,30,30,SR-337/I-564,NA,3,State Highway,2,Urban,1,Interstate,1,State Highway Agency,1,This section IS ON the NHS,0,No Special Jurisdiction,358,358,36.94143889,36.94143889,-76.30485,-76.30485,12,Motor Vehicle In-Transport,6,Angle,1,Yes,5,Entrance/Exit Ramp Related,1,Not an Intersection,1,On Roadway,0,None,1,Daylight,98,Not Reported,0,No,0000000,Not Applicable,99,Unknown,99,Unknown,99,Unknown EMS Scene Arrival Hour,99,Unknown EMS Scene Arrival Minutes,99,Unknown,99,Unknown EMS Hospital Arrival Time,1
51,Virginia,510566,0,0,1,1,0,1,1,41,CHESTERFIELD (41),0,NOT APPLICABLE,8,August,14,14,1,Sunday,2022,2,2:00am-2:59am,5,5,SR-76/POWHITE PKWY,NA,3,State Highway,2,Urban,2,Principal Arterial - Other Freeways and Expressways,1,State Highway Agency,1,This section IS ON the NHS,0,No Special Jurisdiction,14,14,37.4614,37.4614,-77.63509167,-77.63509167,24,Guardrail Face,0,The First Harmful Event was Not a Collision with a Motor Vehicle in Transport,0,No,1,Non-Junction,1,Not an Intersection,4,On Roadside,0,None,2,Dark - Not Lighted,98,Not Reported,0,No,0000000,Not Applicable,99,Unknown,99,Unknown,99,Unknown EMS Scene Arrival Hour,99,Unknown EMS Scene Arrival Minutes,99,Unknown,99,Unknown EMS Hospital Arrival Time,1
51,Virginia,510567,0,0,1,1,0,2,2,57,ESSEX (57),0,NOT APPLICABLE,8,August,8,8,2,Monday,2022,21,9:00pm-9:59pm,0,0,CR-604,NA,4,County Road,1,Rural,7,Local,1,State Highway Agency,0,This section IS NOT on the NHS,0,No Special Jurisdiction,22,22,37.79764722,37.79764722,-76.78055556,-76.78055556,42,Tree (Standing Only),0,The First Harmful Event was Not a Collision with a Motor Vehicle in Transport,0,No,1,Non-Junction,1,Not an Intersection,4,On Roadside,0,None,2,Dark - Not Lighted,98,Not Reported,0,No,0000000,Not Applicable,99,Unknown,99,Unknown,99,Unknown EMS Scene Arrival Hour,99,Unknown EMS Scene Arrival Minutes,99,Unknown,99,Unknown EMS Hospital Arrival Time,1
51,Virginia,510568,1,1,1,1,0,1,1,169,SCOTT (169),2613,WEBER CITY,8,August,16,16,3,Tuesday,2022,4,4:00am-4:59am,30,30,US-23,SR-24,2,US Highway,2,Urban,3,Principal Arterial - Other,1,State Highway Agency,1,This section IS ON the NHS,0,No Special Jurisdiction,29,29,36.63094167,36.63094167,-82.55236667,-82.55236667,8,Pedestrian,0,The First Harmful Event was Not a Collision with a Motor Vehicle in Transport,0,No,2,Intersection,3,T-Intersection,1,On Roadway,0,None,2,Dark - Not Lighted,98,Not Reported,0,No,0000000,Not Applicable,99,Unknown,99,Unknown,99,Unknown EMS Scene Arrival Hour,99,Unknown EMS Scene Arrival Minutes,99,Unknown,99,Unknown EMS Hospital Arrival Time,1
51,Virginia,510569,1,2,3,2,1,3,2,59,FAIRFAX (59),2233,SEVEN CORNERS,8,August,18,18,5,Thursday,2022,8,8:00am-8:59am,38,38,CR-613,WILSON BLVD,4,County Road,2,Urban,3,Principal Arterial - Other,1,State Highway Agency,0,This section IS NOT on the NHS,0,No Special Jurisdiction,111,111,38.87255833,38.87255833,-77.15379722,-77.15379722,12,Motor Vehicle In-Transport,6,Angle,1,Yes,3,Intersection-Related,2,Four-Way Intersection,1,On Roadway,0,None,1,Daylight,98,Not Reported,0,No,0000000,Not Applicable,99,Unknown,99,Unknown,99,Unknown EMS Scene Arrival Hour,99,Unknown EMS Scene Arrival Minutes,99,Unknown,99,Unknown EMS Hospital Arrival Time,1
51,Virginia,510570,0,0,1,1,0,1,1,145,POWHATAN (145),0,NOT APPLICABLE,8,August,19,19,6,Friday,2022,11,11:00am-11:59am,5,5,US-60,NA,2,US Highway,1,Rural,4,Minor Arterial,1,State Highway Agency,0,This section IS NOT on the NHS,0,No Special Jurisdiction,1589,1589,37.56270556,37.56270556,-77.96281111,-77.96281111,42,Tree (Standing Only),0,The First Harmful Event was Not a Collision with a Motor Vehicle in Transport,0,No,1,Non-Junction,1,Not an Intersection,4,On Roadside,0,None,1,Daylight,98,Not Reported,0,No,0000000,Not Applicable,99,Unknown,99,Unknown,99,Unknown EMS Scene Arrival Hour,99,Unknown EMS Scene Arrival Minutes,99,Unknown,99,Unknown EMS Hospital Arrival Time,1
51,Virginia,510571,0,0,1,1,0,1,1,153,PRINCE WILLIAM (153),0,NOT APPLICABLE,8,August,20,20,7,Saturday,2022,11,11:00am-11:59am,24,24,CR-638,RIVER ROCK WAY,4,County Road,2,Urban,5,Major Collector,1,State Highway Agency,0,This section IS NOT on the NHS,0,No Special Jurisdiction,4,4,38.62778056,38.62778056,-77.28449722,-77.28449722,39,Wall,0,The First Harmful Event was Not a Collision with a Motor Vehicle in Transport,0,No,3,Intersection-Related,2,Four-Way Intersection,4,On Roadside,0,None,1,Daylight,98,Not Reported,0,No,0000000,Not Applicable,99,Unknown,99,Unknown,99,Unknown EMS Scene Arrival Hour,99,Unknown EMS Scene Arrival Minutes,99,Unknown,99,Unknown EMS Hospital Arrival Time,1
51,Virginia,510572,0,0,4,4,0,5,5,650,HAMPTON (CITY) (650),1180,HAMPTON,8,August,21,21,1,Sunday,2022,12,12:00pm-12:59pm,49,49,US-258,NA,2,US Highway,2,Urban,3,Principal Arterial - Other,4,City or Municipal Highway Agency,1,This section IS ON the NHS,0,No Special Jurisdiction,606,606,37.02806389,37.02806389,-76.42702222,-76.42702222,12,Motor Vehicle In-Transport,7,Sideswipe - Same Direction,0,No,1,Non-Junction,1,Not an Intersection,1,On Roadway,0,None,1,Daylight,98,Not Reported,0,No,0000000,Not Applicable,99,Unknown,99,Unknown,99,Unknown EMS Scene Arrival Hour,99,Unknown EMS Scene Arrival Minutes,99,Unknown,99,Unknown EMS Hospital Arrival Time,1
51,Virginia,510573,0,0,1,1,0,2,2,27,BUCHANAN (27),1150,GRUNDY,8,August,21,21,1,Sunday,2022,3,3:00am-3:59am,21,21,US-460,NA,2,US Highway,1,Rural,3,Principal Arterial - Other,1,State Highway Agency,1,This section IS ON the NHS,0,No Special Jurisdiction,146,146,37.27044444,37.27044444,-82.10526389,-82.10526389,33,Curb,0,The First Harmful Event was Not a Collision with a Motor Vehicle in Transport,0,No,1,Non-Junction,1,Not an Intersection,4,On Roadside,0,None,2,Dark - Not Lighted,98,Not Reported,0,No,0000000,Not Applicable,99,Unknown,99,Unknown,99,Unknown EMS Scene Arrival Hour,99,Unknown EMS Scene Arrival Minutes,99,Unknown,99,Unknown EMS Hospital Arrival Time,1
51,Virginia,510574,0,0,1,1,0,2,2,171,SHENANDOAH (171),0,NOT APPLICABLE,8,August,21,21,1,Sunday,2022,15,3:00pm-3:59pm,40,40,I-81,NA,1,Interstate,1,Rural,1,Interstate,1,State Highway Agency,1,This section IS ON the NHS,0,No Special Jurisdiction,0,None,38.96723889,38.96723889,-78.43453611,-78.43453611,35,Embankment,0,The First Harmful Event was Not a Collision with a Motor Vehicle in Transport,1,Yes,5,Entrance/Exit Ramp Related,1,Not an Intersection,4,On Roadside,0,None,1,Daylight,98,Not Reported,0,No,0000000,Not Applicable,99,Unknown,99,Unknown,99,Unknown EMS Scene Arrival Hour,99,Unknown EMS Scene Arrival Minutes,99,Unknown,99,Unknown EMS Hospital Arrival Time,1
51,Virginia,510575,0,0,2,2,0,2,2,710,NORFOLK (CITY) (710),1760,NORFOLK,8,August,22,22,2,Monday,2022,10,10:00am-10:59am,41,41,SR-168/TIDEWATER DR,THOLE ST,3,State Highway,2,Urban,3,Principal Arterial - Other,4,City or Municipal Highway Agency,0,This section IS NOT on the NHS,0,No Special Jurisdiction,273,273,36.90458889,36.90458889,-76.25660556,-76.25660556,12,Motor Vehicle In-Transport,6,Angle,1,Yes,2,Intersection,2,Four-Way Intersection,1,On Roadway,0,None,1,Daylight,98,Not Reported,0,No,0000000,Not Applicable,99,Unknown,99,Unknown,99,Unknown EMS Scene Arrival Hour,99,Unknown EMS Scene Arrival Minutes,99,Unknown,99,Unknown EMS Hospital Arrival Time,1
51,Virginia,510576,2,2,1,1,0,1,1,810,VIRGINIA BEACH (CITY) (810),2540,VIRGINIA BEACH,8,August,22,22,2,Monday,2022,16,4:00pm-4:59pm,6,6,CONSTITUTION DR,MAIN ST,6,Local Street - Municipality,2,Urban,5,Major Collector,4,City or Municipal Highway Agency,0,This section IS NOT on the NHS,0,No Special Jurisdiction,0,None,36.84200278,36.84200278,-76.13119167,-76.13119167,8,Pedestrian,0,The First Harmful Event was Not a Collision with a Motor Vehicle in Transport,0,No,3,Intersection-Related,2,Four-Way Intersection,1,On Roadway,0,None,1,Daylight,98,Not Reported,0,No,0000000,Not Applicable,99,Unknown,99,Unknown,99,Unknown EMS Scene Arrival Hour,99,Unknown EMS Scene Arrival Minutes,99,Unknown,99,Unknown EMS Hospital Arrival Time,1
51,Virginia,510577,0,0,2,2,0,2,2,36,CHARLES CITY (36),0,NOT APPLICABLE,8,August,23,23,3,Tuesday,2022,1,1:00am-1:59am,9,9,SR-106/ROXBURY RD,WAYSIDE RD,3,State Highway,1,Rural,4,Minor Arterial,1,State Highway Agency,0,This section IS NOT on the NHS,0,No Special Jurisdiction,163,163,37.37467222,37.37467222,-77.20936667,-77.20936667,12,Motor Vehicle In-Transport,6,Angle,0,No,2,Intersection,2,Four-Way Intersection,1,On Roadway,0,None,2,Dark - Not Lighted,98,Not Reported,0,No,0000000,Not Applicable,99,Unknown,99,Unknown,99,Unknown EMS Scene Arrival Hour,99,Unknown EMS Scene Arrival Minutes,99,Unknown,99,Unknown EMS Hospital Arrival Time,1
51,Virginia,510578,0,0,2,2,0,3,3,41,CHESTERFIELD (41),0,NOT APPLICABLE,8,August,23,23,3,Tuesday,2022,6,6:00am-6:59am,50,50,US-60,NA,2,US Highway,1,Rural,3,Principal Arterial - Other,1,State Highway Agency,1,This section IS ON the NHS,0,No Special Jurisdiction,1735,1735,37.50791667,37.50791667,-77.71206111,-77.71206111,12,Motor Vehicle In-Transport,7,Sideswipe - Same Direction,0,No,1,Non-Junction,1,Not an Intersection,1,On Roadway,0,None,1,Daylight,98,Not Reported,0,No,0000000,Not Applicable,99,Unknown,98,Unknown if Notified,99,Unknown EMS Scene Arrival Hour,98,Unknown if Arrived,88,Not Applicable (Not Transported),88,Not Applicable (Not Transported),1
51,Virginia,510579,0,0,1,1,0,1,1,69,FREDERICK (69),0,NOT APPLICABLE,8,August,23,23,3,Tuesday,2022,14,2:00pm-2:59pm,45,45,US-522,NA,2,US Highway,1,Rural,3,Principal Arterial - Other,1,State Highway Agency,1,This section IS ON the NHS,0,No Special Jurisdiction,1492,1492,39.30451667,39.30451667,-78.28428333,-78.28428333,42,Tree (Standing Only),0,The First Harmful Event was Not a Collision with a Motor Vehicle in Transport,0,No,1,Non-Junction,1,Not an Intersection,4,On Roadside,0,None,1,Daylight,98,Not Reported,0,No,0000000,Not Applicable,99,Unknown,98,Unknown if Notified,99,Unknown EMS Scene Arrival Hour,98,Unknown if Arrived,88,Not Applicable (Not Transported),88,Not Applicable (Not Transported),1
51,Virginia,510580,0,0,2,2,0,4,4,11,APPOMATTOX (11),0,NOT APPLICABLE,8,August,24,24,4,Wednesday,2022,13,1:00pm-1:59pm,50,50,US-460,NA,2,US Highway,1,Rural,3,Principal Arterial - Other,1,State Highway Agency,1,This section IS ON the NHS,0,No Special Jurisdiction,2354,2354,37.27886944,37.27886944,-78.69644444,-78.69644444,12,Motor Vehicle In-Transport,2,Front-to-Front,0,No,1,Non-Junction,1,Not an Intersection,1,On Roadway,0,None,1,Daylight,98,Not Reported,0,No,0000000,Not Applicable,99,Unknown,99,Unknown,99,Unknown EMS Scene Arrival Hour,99,Unknown EMS Scene Arrival Minutes,99,Unknown,99,Unknown EMS Hospital Arrival Time,2
51,Virginia,510581,1,1,1,1,0,1,1,710,NORFOLK (CITY) (710),1760,NORFOLK,8,August,21,21,1,Sunday,2022,0,0:00am-0:59am,13,13,SR-337/BRAMBLETON AVE,COLLEY AVE,3,State Highway,2,Urban,3,Principal Arterial - Other,4,City or Municipal Highway Agency,0,This section IS NOT on the NHS,0,No Special Jurisdiction,284,284,36.85840278,36.85840278,-76.30288333,-76.30288333,8,Pedestrian,0,The First Harmful Event was Not a Collision with a Motor Vehicle in Transport,0,No,3,Intersection-Related,2,Four-Way Intersection,1,On Roadway,0,None,3,Dark - Lighted,98,Not Reported,0,No,0000000,Not Applicable,99,Unknown,99,Unknown,99,Unknown EMS Scene Arrival Hour,99,Unknown EMS Scene Arrival Minutes,99,Unknown,99,Unknown EMS Hospital Arrival Time,1
51,Virginia,510582,0,0,1,1,0,1,1,87,HENRICO (87),0,NOT APPLICABLE,8,August,24,24,4,Wednesday,2022,1,1:00am-1:59am,20,20,I-295/RAMP,NA,1,Interstate,2,Urban,1,Interstate,1,State Highway Agency,1,This section IS ON the NHS,0,No Special Jurisdiction,2,2,37.65415278,37.65415278,-77.60640833,-77.60640833,59,Traffic Sign Support,0,The First Harmful Event was Not a Collision with a Motor Vehicle in Transport,1,Yes,5,Entrance/Exit Ramp Related,1,Not an Intersection,4,On Roadside,0,None,2,Dark - Not Lighted,98,Not Reported,0,No,0000000,Not Applicable,99,Unknown,98,Unknown if Notified,99,Unknown EMS Scene Arrival Hour,98,Unknown if Arrived,88,Not Applicable (Not Transported),88,Not Applicable (Not Transported),1
51,Virginia,510583,0,0,3,3,0,5,5,179,STAFFORD (179),0,NOT APPLICABLE,8,August,24,24,4,Wednesday,2022,11,11:00am-11:59am,59,59,CR-648,NA,4,County Road,2,Urban,5,Major Collector,1,State Highway Agency,0,This section IS NOT on the NHS,0,No Special Jurisdiction,40,40,38.4519,38.4519,-77.48601667,-77.48601667,12,Motor Vehicle In-Transport,6,Angle,1,Yes,18,Through Roadway,1,Not an Intersection,1,On Roadway,0,None,1,Daylight,98,Not Reported,0,No,0000000,Not Applicable,99,Unknown,99,Unknown,99,Unknown EMS Scene Arrival Hour,99,Unknown EMS Scene Arrival Minutes,99,Unknown,99,Unknown EMS Hospital Arrival Time,1