STATE,STATENAME,ST_CASE,PEDS,PERNOTMVIT,VE_TOTAL,VE_FORMS,PVH_INVL,PERSONS,PERMVIT,COUNTY,COUNTYNAME,CITY,CITYNAME,MONTH,MONTHNAME,DAY,DAYNAME,DAY_WEEK,DAY_WEEKNAME,YEAR,HOUR,HOURNAME,MINUTE,MINUTENAME,TWAY_ID,TWAY_ID2,ROUTE,ROUTENAME,RUR_URB,RUR_URBNAME,FUNC_SYS,FUNC_SYSNAME,RD_OWNER,RD_OWNERNAME,NHS,NHSNAME,SP_JUR,SP_JURNAME,MILEPT,MILEPTNAME,LATITUDE,LATITUDENAME,LONGITUD,LONGITUDNAME,HARM_EV,HARM_EVNAME,MAN_COLL,MAN_COLLNAME,RELJCT1,RELJCT1NAME,RELJCT2,RELJCT2NAME,TYP_INT,TYP_INTNAME,REL_ROAD,REL_ROADNAME,WRK_ZONE,WRK_ZONENAME,LGT_COND,LGT_CONDNAME,WEATHER,WEATHERNAME,SCH_BUS,SCH_BUSNAME,RAIL,RAILNAME,NOT_HOUR,NOT_HOURNAME,NOT_MIN,NOT_MINNAME,ARR_HOUR,ARR_HOURNAME,ARR_MIN,ARR_MINNAME,HOSP_HR,HOSP_HRNAME,HOSP_MN,HOSP_MNNAME,FATALS
51,Virginia,510727,1,1,1,1,0,1,1,760,RICHMOND (CITY) (760),2060,RICHMOND,10,October,26,26,4,Wednesday,2022,18,6:00pm-6:59pm,44,44,US-1,NA,2,US Highway,2,Urban,3,Principal Arterial - Other,4,City or Municipal Highway Agency,1,This section IS ON the NHS,0,No Special Jurisdiction,950,950,37.5692,37.5692,-77.44479167,-77.44479167,8,Pedestrian,0,The First Harmful Event was Not a Collision with a Motor Vehicle in Transport,0,No,1,Non-Junction,1,Not an Intersection,1,On Roadway,0,None,3,Dark - Lighted,98,Not Reported,0,No,0000000,Not Applicable,99,Unknown,99,Unknown,99,Unknown EMS Scene Arrival Hour,99,Unknown EMS Scene Arrival Minutes,99,Unknown,99,Unknown EMS Hospital Arrival Time,1
51,Virginia,510728,0,0,2,2,0,2,2,810,VIRGINIA BEACH (CITY) (810),2540,VIRGINIA BEACH,10,October,1,1,7,Saturday,2022,20,8:00pm-8:59pm,50,50,I-264,NA,1,Interstate,2,Urban,1,Interstate,1,State Highway Agency,1,This section IS ON the NHS,0,No Special Jurisdiction,192,192,36.83893056,36.83893056,-76.08941111,-76.08941111,12,Motor Vehicle In-Transport,1,Front-to-Rear,0,No,1,Non-Junction,1,Not an Intersection,1,On Roadway,0,None,3,Dark - Lighted,98,Not Reported,0,No,0000000,Not Applicable,99,Unknown,98,Unknown if Notified,99,Unknown EMS Scene Arrival Hour,98,Unknown if Arrived,88,Not Applicable (Not Transported),88,Not Applicable (Not Transported),1
51,Virginia,510729,0,0,2,2,0,2,2,41,CHESTERFIELD (41),0,NOT APPLICABLE,10,October,5,5,4,Wednesday,2022,6,6:00am-6:59am,43,43,CR-653,DAKINS RD,4,County Road,2,Urban,3,Principal Arterial - Other,1,State Highway Agency,1,This section IS ON the NHS,0,No Special Jurisdiction,137,137,37.47040833,37.47040833,-77.59519722,-77.59519722,12,Motor Vehicle In-Transport,6,Angle,0,No,2,Intersection,2,Four-Way Intersection,1,On Roadway,0,None,2,Dark - Not Lighted,2,Rain,0,No,0000000,Not Applicable,99,Unknown,98,Unknown if Notified,99,Unknown EMS Scene Arrival Hour,98,Unknown if Arrived,88,Not Applicable (Not Transported),88,Not Applicable (Not Transported),1
51,Virginia,510730,0,0,1,1,0,2,2,59,FAIRFAX (59),2480,TYSONS CORNER,10,October,6,6,5,Thursday,2022,4,4:00am-4:59am,0,0,SR-7/LEESBURG PK,NA,3,State Highway,2,Urban,3,Principal Arterial - Other,1,State Highway Agency,0,This section IS NOT on the NHS,0,No Special Jurisdiction,597,597,38.91923889,38.91923889,-77.23218056,-77.23218056,30,Utility Pole/Light Support,0,The First Harmful Event was Not a Collision with a Motor Vehicle in Transport,0,No,1,Non-Junction,1,Not an Intersection,4,On Roadside,0,None,3,Dark - Lighted,98,Not Reported,0,No,0000000,Not Applicable,99,Unknown,98,Unknown if Notified,99,Unknown EMS Scene Arrival Hour,98,Unknown if Arrived,88,Not Applicable (Not Transported),88,Not Applicable (Not Transported),2
51,Virginia,510731,0,0,2,2,0,2,2,3,ALBEMARLE (3),0,NOT APPLICABLE,10,October,2,2,1,Sunday,2022,15,3:00pm-3:59pm,32,32,US-29 BYPASS,NA,2,US Highway,2,Urban,2,Principal Arterial - Other Freeways and Expressways,1,State Highway Agency,1,This section IS ON the NHS,0,No Special Jurisdiction,2,2,38.04812778,38.04812778,-78.52465556,-78.52465556,12,Motor Vehicle In-Transport,6,Angle,0,No,1,Non-Junction,1,Not an Intersection,1,On Roadway,0,None,1,Daylight,2,Rain,0,No,0000000,Not Applicable,99,Unknown,99,Unknown,99,Unknown EMS Scene Arrival Hour,99,Unknown EMS Scene Arrival Minutes,99,Unknown,99,Unknown EMS Hospital Arrival Time,1
51,Virginia,510732,1,1,1,1,0,1,1,59,FAIRFAX (59),76,ANNANDALE,10,October,2,2,1,Sunday,2022,19,7:00pm-7:59pm,55,55,CR-650 ANNANDALE RD,NA,4,County Road,2,Urban,4,Minor Arterial,1,State Highway Agency,0,This section IS NOT on the NHS,0,No Special Jurisdiction,1,1,38.83280278,38.83280278,-77.19689167,-77.19689167,8,Pedestrian,0,The First Harmful Event was Not a Collision with a Motor Vehicle in Transport,0,No,8,Driveway Access Related,1,Not an Intersection,1,On Roadway,0,None,3,Dark - Lighted,2,Rain,0,No,0000000,Not Applicable,99,Unknown,99,Unknown,99,Unknown EMS Scene Arrival Hour,99,Unknown EMS Scene Arrival Minutes,99,Unknown,99,Unknown EMS Hospital Arrival Time,1
51,Virginia,510733,0,0,1,1,0,1,1,121,MONTGOMERY (121),0,NOT APPLICABLE,10,October,7,7,6,Friday,2022,18,6:00pm-6:59pm,30,30,I-81,NA,1,Interstate,1,Rural,1,Interstate,1,State Highway Agency,1,This section IS ON the NHS,0,No Special Jurisdiction,1305,1305,37.24384722,37.24384722,-80.21089722,-80.21089722,24,Guardrail Face,0,The First Harmful Event was Not a Collision with a Motor Vehicle in Transport,0,No,1,Non-Junction,1,Not an Intersection,3,On Median,0,None,5,Dusk,98,Not Reported,0,No,0000000,Not Applicable,99,Unknown,98,Unknown if Notified,99,Unknown EMS Scene Arrival Hour,98,Unknown if Arrived,88,Not Applicable (Not Transported),88,Not Applicable (Not Transported),1
51,Virginia,510734,0,0,2,2,0,2,2,810,VIRGINIA BEACH (CITY) (810),2540,VIRGINIA BEACH,10,October,5,5,4,Wednesday,2022,15,3:00pm-3:59pm,49,49,SR-279/GREAT NECK RD,CHICKEN VALLEY RD,3,State Highway,2,Urban,3,Principal Arterial - Other,4,City or Municipal Highway Agency,1,This section IS ON the NHS,0,No Special Jurisdiction,4,4,36.84787222,36.84787222,-76.048075,-76.048075,12,Motor Vehicle In-Transport,6,Angle,0,No,2,Intersection,2,Four-Way Intersection,1,On Roadway,0,None,1,Daylight,98,Not Reported,0,No,0000000,Not Applicable,99,Unknown,99,Unknown,99,Unknown EMS Scene Arrival Hour,99,Unknown EMS Scene Arrival Minutes,99,Unknown,99,Unknown EMS Hospital Arrival Time,1
51,Virginia,510735,0,0,1,1,0,1,1,87,HENRICO (87),0,NOT APPLICABLE,10,October,7,7,6,Friday,2022,1,1:00am-1:59am,39,39,I-295,NA,1,Interstate,1,Rural,1,Interstate,1,State Highway Agency,1,This section IS ON the NHS,0,No Special Jurisdiction,25,25,37.47466111,37.47466111,-77.30539444,-77.30539444,24,Guardrail Face,0,The First Harmful Event was Not a Collision with a Motor Vehicle in Transport,1,Yes,19,Other location within Interchange Area,1,Not an Intersection,4,On Roadside,0,None,2,Dark - Not Lighted,98,Not Reported,0,No,0000000,Not Applicable,99,Unknown,98,Unknown if Notified,99,Unknown EMS Scene Arrival Hour,98,Unknown if Arrived,88,Not Applicable (Not Transported),88,Not Applicable (Not Transported),1
51,Virginia,510736,1,1,1,1,0,1,1,13,ARLINGTON (13),100,ARLINGTON,10,October,8,8,7,Saturday,2022,9,9:00am-9:59am,0,0,CR-6771,LITTLE FALLS RD,4,County Road,2,Urban,3,Principal Arterial - Other,2,County Highway Agency,1,This section IS ON the NHS,0,No Special Jurisdiction,3,3,38.90181111,38.90181111,-77.14905,-77.14905,8,Pedestrian,0,The First Harmful Event was Not a Collision with a Motor Vehicle in Transport,1,Yes,3,Intersection-Related,2,Four-Way Intersection,1,On Roadway,0,None,1,Daylight,98,Not Reported,0,No,0000000,Not Applicable,99,Unknown,99,Unknown,99,Unknown EMS Scene Arrival Hour,99,Unknown EMS Scene Arrival Minutes,99,Unknown,99,Unknown EMS Hospital Arrival Time,1
51,Virginia,510737,0,0,1,1,0,1,1,91,HIGHLAND (91),0,NOT APPLICABLE,10,October,9,9,1,Sunday,2022,2,2:00am-2:59am,31,31,US-250,NA,2,US Highway,1,Rural,3,Principal Arterial - Other,1,State Highway Agency,1,This section IS ON the NHS,0,No Special Jurisdiction,280,280,38.32517778,38.32517778,-79.43218333,-79.43218333,1,Rollover/Overturn,0,The First Harmful Event was Not a Collision with a Motor Vehicle in Transport,0,No,1,Non-Junction,1,Not an Intersection,4,On Roadside,0,None,2,Dark - Not Lighted,98,Not Reported,0,No,0000000,Not Applicable,99,Unknown,99,Unknown,99,Unknown EMS Scene Arrival Hour,99,Unknown EMS Scene Arrival Minutes,99,Unknown,99,Unknown EMS Hospital Arrival Time,1
51,Virginia,510738,0,0,2,2,0,1,1,550,CHESAPEAKE(CITY) (550),468,CHESAPEAKE,10,October,9,9,1,Sunday,2022,0,0:00am-0:59am,22,22,OLD WOODLAND RD,NA,9,Unknown,8,Not Reported,98,Not Reported,99,Unknown,9,Unknown if this section is on the NHS,0,No Special Jurisdiction,0,None,36.80864167,36.80864167,-76.43128333,-76.43128333,12,Motor Vehicle In-Transport,2,Front-to-Front,0,No,1,Non-Junction,1,Not an Intersection,1,On Roadway,0,None,3,Dark - Lighted,98,Not Reported,0,No,0000000,Not Applicable,99,Unknown,98,Unknown if Notified,99,Unknown EMS Scene Arrival Hour,98,Unknown if Arrived,88,Not Applicable (Not Transported),88,Not Applicable (Not Transported),1
51,Virginia,510739,0,0,2,2,0,2,2,93,ISLE OF WIGHT (93),0,NOT APPLICABLE,10,October,10,10,2,Monday,2022,15,3:00pm-3:59pm,14,14,US-258,NA,2,US Highway,1,Rural,3,Principal Arterial - Other,1,State Highway Agency,1,This section IS ON the NHS,0,No Special Jurisdiction,511,511,36.94283889,36.94283889,-76.54944444,-76.54944444,12,Motor Vehicle In-Transport,1,Front-to-Rear,0,No,1,Non-Junction,1,Not an Intersection,1,On Roadway,0,None,1,Daylight,98,Not Reported,0,No,0000000,Not Applicable,99,Unknown,98,Unknown if Notified,99,Unknown EMS Scene Arrival Hour,98,Unknown if Arrived,88,Not Applicable (Not Transported),88,Not Applicable (Not Transported),1
51,Virginia,510740,1,1,1,1,0,1,1,59,FAIRFAX (59),0,NOT APPLICABLE,10,October,6,6,5,Thursday,2022,6,6:00am-6:59am,49,49,US-1,RICHMOND HWY,2,US Highway,2,Urban,3,Principal Arterial - Other,1,State Highway Agency,1,This section IS ON the NHS,0,No Special Jurisdiction,1826,1826,38.7087,38.7087,-77.15901111,-77.15901111,8,Pedestrian,0,The First Harmful Event was Not a Collision with a Motor Vehicle in Transport,1,Yes,3,Intersection-Related,2,Four-Way Intersection,1,On Roadway,0,None,3,Dark - Lighted,98,Not Reported,0,No,0000000,Not Applicable,99,Unknown,98,Unknown if Notified,99,Unknown EMS Scene Arrival Hour,98,Unknown if Arrived,88,Not Applicable (Not Transported),88,Not Applicable (Not Transported),1
51,Virginia,510741,0,0,2,2,0,2,2,550,CHESAPEAKE(CITY) (550),468,CHESAPEAKE,10,October,10,10,2,Monday,2022,22,10:00pm-10:59pm,27,27,I-64,NA,1,Interstate,2,Urban,1,Interstate,1,State Highway Agency,1,This section IS ON the NHS,0,No Special Jurisdiction,2919,2919,36.76549444,36.76549444,-76.26459722,-76.26459722,5,Fell/Jumped from Vehicle,0,The First Harmful Event was Not a Collision with a Motor Vehicle in Transport,1,Yes,18,Through Roadway,1,Not an Intersection,1,On Roadway,4,"Work Zone, Type Unknown",2,Dark - Not Lighted,98,Not Reported,0,No,0000000,Not Applicable,99,Unknown,98,Unknown if Notified,99,Unknown EMS Scene Arrival Hour,98,Unknown if Arrived,88,Not Applicable (Not Transported),88,Not Applicable (Not Transported),1
51,Virginia,510742,1,3,2,1,1,3,1,59,FAIRFAX (59),2305,SPRINGFIELD,10,October,11,11,3,Tuesday,2022,15,3:00pm-3:59pm,12,12,I-95,NA,1,Interstate,2,Urban,1,Interstate,1,State Highway Agency,1,This section IS ON the NHS,0,No Special Jurisdiction,1701,1701,38.77761389,38.77761389,-77.18146389,-77.18146389,8,Pedestrian,0,The First Harmful Event was Not a Collision with a Motor Vehicle in Transport,0,No,1,Non-Junction,1,Not an Intersection,2,On Shoulder,0,None,1,Daylight,98,Not Reported,0,No,0000000,Not Applicable,99,Unknown,99,Unknown,99,Unknown EMS Scene Arrival Hour,99,Unknown EMS Scene Arrival Minutes,99,Unknown,99,Unknown EMS Hospital Arrival Time,1
51,Virginia,510743,0,0,1,1,0,2,2,143,PITTSYLVANIA (143),0,NOT APPLICABLE,10,October,11,11,3,Tuesday,2022,18,6:00pm-6:59pm,0,0,CR-622,NA,4,County Road,1,Rural,5,Major Collector,1,State Highway Agency,1,This section IS ON the NHS,0,No Special Jurisdiction,55,55,36.59389722,36.59389722,-79.63858056,-79.63858056,30,Utility Pole/Light Support,0,The First Harmful Event was Not a Collision with a Motor Vehicle in Transport,0,No,1,Non-Junction,1,Not an Intersection,4,On Roadside,0,None,1,Daylight,98,Not Reported,0,No,0000000,Not Applicable,99,Unknown,99,Unknown,99,Unknown EMS Scene Arrival Hour,99,Unknown EMS Scene Arrival Minutes,99,Unknown,99,Unknown EMS Hospital Arrival Time,1
51,Virginia,510744,0,0,2,2,0,4,4,149,PRINCE GEORGE (149),0,NOT APPLICABLE,10,October,13,13,5,Thursday,2022,10,10:00am-10:59am,41,41,CR-629,QUAKER RD,4,County Road,1,Rural,5,Major Collector,1,State Highway Agency,0,This section IS NOT on the NHS,0,No Special Jurisdiction,51,51,37.18560833,37.18560833,-77.30078611,-77.30078611,12,Motor Vehicle In-Transport,6,Angle,1,Yes,2,Intersection,2,Four-Way Intersection,1,On Roadway,0,None,1,Daylight,2,Rain,0,No,0000000,Not Applicable,99,Unknown,99,Unknown,99,Unknown EMS Scene Arrival Hour,99,Unknown EMS Scene Arrival Minutes,99,Unknown,99,Unknown EMS Hospital Arrival Time,1
51,Virginia,510745,0,0,1,1,0,2,2,770,ROANOKE (CITY) (770),2100,ROANOKE,10,October,13,13,5,Thursday,2022,8,8:00am-8:59am,16,16,SR-118,AIRPORT RD,3,State Highway,2,Urban,4,Minor Arterial,4,City or Municipal Highway Agency,0,This section IS NOT on the NHS,0,No Special Jurisdiction,0,None,37.31801944,37.31801944,-79.95571667,-79.95571667,33,Curb,0,The First Harmful Event was Not a Collision with a Motor Vehicle in Transport,1,Yes,3,Intersection-Related,3,T-Intersection,4,On Roadside,0,None,1,Daylight,98,Not Reported,0,No,0000000,Not Applicable,99,Unknown,98,Unknown if Notified,99,Unknown EMS Scene Arrival Hour,98,Unknown if Arrived,88,Not Applicable (Not Transported),88,Not Applicable (Not Transported),2
51,Virginia,510746,0,0,1,1,0,3,3,161,ROANOKE (161),0,NOT APPLICABLE,10,October,14,14,6,Friday,2022,22,10:00pm-10:59pm,46,46,I-81,NA,1,Interstate,2,Urban,1,Interstate,1,State Highway Agency,1,This section IS ON the NHS,0,No Special Jurisdiction,1344,1344,37.27014722,37.27014722,-80.14376389,-80.14376389,1,Rollover/Overturn,0,The First Harmful Event was Not a Collision with a Motor Vehicle in Transport,0,No,1,Non-Junction,1,Not an Intersection,1,On Roadway,0,None,2,Dark - Not Lighted,98,Not Reported,0,No,0000000,Not Applicable,99,Unknown,99,Unknown,99,Unknown EMS Scene Arrival Hour,99,Unknown EMS Scene Arrival Minutes,99,Unknown,99,Unknown EMS Hospital Arrival Time,1
51,Virginia,510747,0,0,2,2,0,2,2,760,RICHMOND (CITY) (760),2060,RICHMOND,10,October,16,16,1,Sunday,2022,16,4:00pm-4:59pm,20,20,WELLINGTON ST,BANCROFT AVE,6,Local Street - Municipality,2,Urban,7,Local,4,City or Municipal Highway Agency,0,This section IS NOT on the NHS,0,No Special Jurisdiction,2,2,37.57583611,37.57583611,-77.42413889,-77.42413889,12,Motor Vehicle In-Transport,6,Angle,0,No,2,Intersection,2,Four-Way Intersection,1,On Roadway,0,None,1,Daylight,98,Not Reported,0,No,0000000,Not Applicable,99,Unknown,99,Unknown,99,Unknown EMS Scene Arrival Hour,99,Unknown EMS Scene Arrival Minutes,99,Unknown,99,Unknown EMS Hospital Arrival Time,1
51,Virginia,510748,0,0,2,2,0,2,2,510,ALEXANDRIA (CITY) (510),40,ALEXANDRIA,10,October,17,17,2,Monday,2022,20,8:00pm-8:59pm,0,0,BRADDOCK RD,HIGH ST,6,Local Street - Municipality,2,Urban,4,Minor Arterial,4,City or Municipal Highway Agency,0,This section IS NOT on the NHS,0,No Special Jurisdiction,27,27,38.82086111,38.82086111,-77.07035833,-77.07035833,12,Motor Vehicle In-Transport,6,Angle,0,No,2,Intersection,3,T-Intersection,1,On Roadway,4,"Work Zone, Type Unknown",3,Dark - Lighted,98,Not Reported,0,No,0000000,Not Applicable,99,Unknown,99,Unknown,99,Unknown EMS Scene Arrival Hour,99,Unknown EMS Scene Arrival Minutes,99,Unknown,99,Unknown EMS Hospital Arrival Time,1
51,Virginia,510749,0,0,2,2,0,2,2,165,ROCKINGHAM (165),0,NOT APPLICABLE,10,October,11,11,3,Tuesday,2022,15,3:00pm-3:59pm,0,0,SR-42/HARPINE HWY,RT-721,3,State Highway,1,Rural,3,Principal Arterial - Other,1,State Highway Agency,1,This section IS ON the NHS,0,No Special Jurisdiction,2334,2334,38.52565,38.52565,-78.86128611,-78.86128611,12,Motor Vehicle In-Transport,6,Angle,0,No,2,Intersection,3,T-Intersection,1,On Roadway,0,None,1,Daylight,98,Not Reported,0,No,0000000,Not Applicable,99,Unknown,99,Unknown,99,Unknown EMS Scene Arrival Hour,99,Unknown EMS Scene Arrival Minutes,99,Unknown,99,Unknown EMS Hospital Arrival Time,1
51,Virginia,510750,0,0,1,1,0,1,1,680,LYNCHBURG (CITY) (680),1490,LYNCHBURG,10,October,15,15,7,Saturday,2022,10,10:00am-10:59am,56,56,OLD GRAVES MILL RD,NA,6,Local Street - Municipality,2,Urban,5,Major Collector,4,City or Municipal Highway Agency,0,This section IS NOT on the NHS,0,No Special Jurisdiction,6,6,37.36184444,37.36184444,-79.22940278,-79.22940278,31,"Post, Pole or Other Supports",0,The First Harmful Event was Not a Collision with a Motor Vehicle in Transport,0,No,1,Non-Junction,1,Not an Intersection,4,On Roadside,0,None,1,Daylight,98,Not Reported,0,No,0000000,Not Applicable,99,Unknown,99,Unknown,99,Unknown EMS Scene Arrival Hour,99,Unknown EMS Scene Arrival Minutes,99,Unknown,99,Unknown EMS Hospital Arrival Time,1
51,Virginia,510751,0,0,3,3,0,4,4,59,FAIRFAX (59),0,NOT APPLICABLE,10,October,12,12,4,Wednesday,2022,21,9:00pm-9:59pm,40,40,SR-267/TRAP RD,NA,3,State Highway,2,Urban,2,Principal Arterial - Other Freeways and Expressways,60,Other Federal Agency,1,This section IS ON the NHS,0,No Special Jurisdiction,232,232,38.93615556,38.93615556,-77.26659444,-77.26659444,12,Motor Vehicle In-Transport,1,Front-to-Rear,0,No,1,Non-Junction,1,Not an Intersection,1,On Roadway,0,None,2,Dark - Not Lighted,98,Not Reported,0,No,0000000,Not Applicable,99,Unknown,99,Unknown,99,Unknown EMS Scene Arrival Hour,99,Unknown EMS Scene Arrival Minutes,99,Unknown,99,Unknown EMS Hospital Arrival Time,2
51,Virginia,510752,1,1,1,1,0,1,1,59,FAIRFAX (59),1457,LORTON,10,October,18,18,3,Tuesday,2022,16,4:00pm-4:59pm,58,58,CR-605,NA,4,County Road,2,Urban,5,Major Collector,1,State Highway Agency,0,This section IS NOT on the NHS,0,No Special Jurisdiction,1,1,38.70715,38.70715,-77.21166944,-77.21166944,8,Pedestrian,0,The First Harmful Event was Not a Collision with a Motor Vehicle in Transport,0,No,1,Non-Junction,1,Not an Intersection,1,On Roadway,0,None,1,Daylight,98,Not Reported,0,No,0000000,Not Applicable,99,Unknown,99,Unknown,99,Unknown EMS Scene Arrival Hour,99,Unknown EMS Scene Arrival Minutes,99,Unknown,99,Unknown EMS Hospital Arrival Time,1
51,Virginia,510753,0,0,1,1,0,3,3,23,BOTETOURT (23),0,NOT APPLICABLE,10,October,26,26,4,Wednesday,2022,2,2:00am-2:59am,2,2,I-81,NA,1,Interstate,1,Rural,1,Interstate,1,State Highway Agency,1,This section IS ON the NHS,0,No Special Jurisdiction,1590,1590,37.47139444,37.47139444,-79.80612778,-79.80612778,25,Concrete Traffic Barrier,0,The First Harmful Event was Not a Collision with a Motor Vehicle in Transport,0,No,1,Non-Junction,1,Not an Intersection,4,On Roadside,0,None,1,Daylight,98,Not Reported,0,No,0000000,Not Applicable,99,Unknown,99,Unknown,99,Unknown EMS Scene Arrival Hour,99,Unknown EMS Scene Arrival Minutes,99,Unknown,99,Unknown EMS Hospital Arrival Time,1
51,Virginia,510754,1,1,2,2,0,3,3,59,FAIRFAX (59),119,BAILEYS CROSSROADS,10,October,26,26,4,Wednesday,2022,21,9:00pm-9:59pm,58,58,SR-7 LEESBURG PIKE,NA,3,State Highway,2,Urban,3,Principal Arterial - Other,1,State Highway Agency,0,This section IS NOT on the NHS,0,No Special Jurisdiction,673,673,38.84869444,38.84869444,-77.12521667,-77.12521667,8,Pedestrian,0,The First Harmful Event was Not a Collision with a Motor Vehicle in Transport,0,No,1,Non-Junction,1,Not an Intersection,1,On Roadway,0,None,3,Dark - Lighted,98,Not Reported,0,No,0000000,Not Applicable,99,Unknown,98,Unknown if Notified,99,Unknown EMS Scene Arrival Hour,98,Unknown if Arrived,88,Not Applicable (Not Transported),88,Not Applicable (Not Transported),1
51,Virginia,510755,0,0,1,1,0,2,2,83,HALIFAX (83),0,NOT APPLICABLE,10,October,29,29,7,Saturday,2022,0,0:00am-0:59am,0,0,US-360,NA,2,US Highway,1,Rural,3,Principal Arterial - Other,1,State Highway Agency,1,This section IS ON the NHS,0,No Special Jurisdiction,397,397,36.78831944,36.78831944,-78.801575,-78.801575,34,Ditch,0,The First Harmful Event was Not a Collision with a Motor Vehicle in Transport,0,No,1,Non-Junction,1,Not an Intersection,3,On Median,0,None,2,Dark - Not Lighted,98,Not Reported,0,No,0000000,Not Applicable,99,Unknown,99,Unknown,99,Unknown EMS Scene Arrival Hour,99,Unknown EMS Scene Arrival Minutes,99,Unknown,99,Unknown EMS Hospital Arrival Time,2
51,Virginia,510756,0,0,2,2,0,2,2,175,SOUTHAMPTON (175),0,NOT APPLICABLE,10,October,29,29,7,Saturday,2022,13,1:00pm-1:59pm,37,37,CR-671,NA,4,County Road,1,Rural,5,Major Collector,1,State Highway Agency,0,This section IS NOT on the NHS,0,No Special Jurisdiction,19,19,36.60556389,36.60556389,-77.16587222,-77.16587222,12,Motor Vehicle In-Transport,2,Front-to-Front,0,No,8,Driveway Access Related,1,Not an Intersection,1,On Roadway,0,None,1,Daylight,98,Not Reported,0,No,0000000,Not Applicable,99,Unknown,99,Unknown,99,Unknown EMS Scene Arrival Hour,99,Unknown EMS Scene Arrival Minutes,99,Unknown,99,Unknown EMS Hospital Arrival Time,1
51,Virginia,510757,0,0,1,1,0,2,2,169,SCOTT (169),0,NOT APPLICABLE,10,October,28,28,6,Friday,2022,17,5:00pm-5:59pm,15,15,CR-713,NA,4,County Road,1,Rural,6,Minor Collector,1,State Highway Agency,0,This section IS NOT on the NHS,0,No Special Jurisdiction,39,39,36.59398889,36.59398889,-82.67025833,-82.67025833,17,Boulder,0,The First Harmful Event was Not a Collision with a Motor Vehicle in Transport,0,No,1,Non-Junction,1,Not an Intersection,4,On Roadside,0,None,1,Daylight,98,Not Reported,0,No,0000000,Not Applicable,99,Unknown,99,Unknown,99,Unknown EMS Scene Arrival Hour,99,Unknown EMS Scene Arrival Minutes,99,Unknown,99,Unknown EMS Hospital Arrival Time,1
51,Virginia,510758,1,1,1,1,0,1,1,87,HENRICO (87),0,NOT APPLICABLE,10,October,29,29,7,Saturday,2022,22,10:00pm-10:59pm,40,40,CR-7555,MEADOWBRIDGE RD,4,County Road,2,Urban,3,Principal Arterial - Other,2,County Highway Agency,0,This section IS NOT on the NHS,0,No Special Jurisdiction,116,116,37.58561667,37.58561667,-77.42366667,-77.42366667,8,Pedestrian,0,The First Harmful Event was Not a Collision with a Motor Vehicle in Transport,0,No,3,Intersection-Related,7,"Five Point, or More",1,On Roadway,0,None,3,Dark - Lighted,98,Not Reported,0,No,0000000,Not Applicable,99,Unknown,99,Unknown,99,Unknown EMS Scene Arrival Hour,99,Unknown EMS Scene Arrival Minutes,99,Unknown,99,Unknown EMS Hospital Arrival Time,1
51,Virginia,510759,0,0,2,2,0,3,3,101,KING WILLIAM (101),0,NOT APPLICABLE,10,October,29,29,7,Saturday,2022,19,7:00pm-7:59pm,15,15,CR-615,NA,4,County Road,1,Rural,5,Major Collector,1,State Highway Agency,0,This section IS NOT on the NHS,0,No Special Jurisdiction,6,6,37.72274722,37.72274722,-77.28489722,-77.28489722,12,Motor Vehicle In-Transport,6,Angle,0,No,1,Non-Junction,1,Not an Intersection,1,On Roadway,0,None,2,Dark - Not Lighted,98,Not Reported,0,No,0000000,Not Applicable,99,Unknown,99,Unknown,99,Unknown EMS Scene Arrival Hour,99,Unknown EMS Scene Arrival Minutes,99,Unknown,99,Unknown EMS Hospital Arrival Time,2
51,Virginia,510760,0,0,1,1,0,1,1,185,TAZEWELL (185),0,NOT APPLICABLE,10,October,15,15,7,Saturday,2022,14,2:00pm-2:59pm,58,58,CR-696,NA,4,County Road,1,Rural,5,Major Collector,1,State Highway Agency,0,This section IS NOT on the NHS,0,No Special Jurisdiction,8,8,37.27431667,37.27431667,-81.35956111,-81.35956111,1,Rollover/Overturn,0,The First Harmful Event was Not a Collision with a Motor Vehicle in Transport,0,No,1,Non-Junction,1,Not an Intersection,2,On Shoulder,0,None,1,Daylight,98,Not Reported,0,No,0000000,Not Applicable,99,Unknown,99,Unknown,99,Unknown EMS Scene Arrival Hour,99,Unknown EMS Scene Arrival Minutes,99,Unknown,99,Unknown EMS Hospital Arrival Time,1
51,Virginia,510761,0,0,2,2,0,2,2,810,VIRGINIA BEACH (CITY) (810),2540,VIRGINIA BEACH,10,October,16,16,1,Sunday,2022,16,4:00pm-4:59pm,30,30,OCEANA BLVD,NA,6,Local Street - Municipality,2,Urban,3,Principal Arterial - Other,4,City or Municipal Highway Agency,1,This section IS ON the NHS,0,No Special Jurisdiction,2,2,36.79487778,36.79487778,-75.99896667,-75.99896667,12,Motor Vehicle In-Transport,6,Angle,0,No,1,Non-Junction,1,Not an Intersection,1,On Roadway,0,None,1,Daylight,98,Not Reported,0,No,0000000,Not Applicable,99,Unknown,99,Unknown,99,Unknown EMS Scene Arrival Hour,99,Unknown EMS Scene Arrival Minutes,99,Unknown,99,Unknown EMS Hospital Arrival Time,1