STATE,STATENAME,ST_CASE,PEDS,PERNOTMVIT,VE_TOTAL,VE_FORMS,PVH_INVL,PERSONS,PERMVIT,COUNTY,COUNTYNAME,CITY,CITYNAME,MONTH,MONTHNAME,DAY,DAYNAME,DAY_WEEK,DAY_WEEKNAME,YEAR,HOUR,HOURNAME,MINUTE,MINUTENAME,TWAY_ID,TWAY_ID2,ROUTE,ROUTENAME,RUR_URB,RUR_URBNAME,FUNC_SYS,FUNC_SYSNAME,RD_OWNER,RD_OWNERNAME,NHS,NHSNAME,SP_JUR,SP_JURNAME,MILEPT,MILEPTNAME,LATITUDE,LATITUDENAME,LONGITUD,LONGITUDNAME,HARM_EV,HARM_EVNAME,MAN_COLL,MAN_COLLNAME,RELJCT1,RELJCT1NAME,RELJCT2,RELJCT2NAME,TYP_INT,TYP_INTNAME,REL_ROAD,REL_ROADNAME,WRK_ZONE,WRK_ZONENAME,LGT_COND,LGT_CONDNAME,WEATHER,WEATHERNAME,SCH_BUS,SCH_BUSNAME,RAIL,RAILNAME,NOT_HOUR,NOT_HOURNAME,NOT_MIN,NOT_MINNAME,ARR_HOUR,ARR_HOURNAME,ARR_MIN,ARR_MINNAME,HOSP_HR,HOSP_HRNAME,HOSP_MN,HOSP_MNNAME,FATALS
51,Virginia,510901,0,0,2,2,0,2,2,163,ROCKBRIDGE (163),0,NOT APPLICABLE,12,December,4,4,1,Sunday,2022,23,11:00pm-11:59pm,1,1,I-81,NA,1,Interstate,1,Rural,1,Interstate,1,State Highway Agency,1,This section IS ON the NHS,0,No Special Jurisdiction,2029,2029,37.90294722,37.90294722,-79.267,-79.267,12,Motor Vehicle In-Transport,6,Angle,0,No,1,Non-Junction,1,Not an Intersection,1,On Roadway,0,None,2,Dark - Not Lighted,98,Not Reported,0,No,0000000,Not Applicable,99,Unknown,99,Unknown,99,Unknown EMS Scene Arrival Hour,99,Unknown EMS Scene Arrival Minutes,99,Unknown,99,Unknown EMS Hospital Arrival Time,1
51,Virginia,510902,0,0,2,1,1,2,2,165,ROCKINGHAM (165),0,NOT APPLICABLE,12,December,5,5,2,Monday,2022,13,1:00pm-1:59pm,45,45,I-81,NA,1,Interstate,1,Rural,1,Interstate,1,State Highway Agency,1,This section IS ON the NHS,0,No Special Jurisdiction,2516,2516,38.47508889,38.47508889,-78.81333056,-78.81333056,14,Parked Motor Vehicle,0,The First Harmful Event was Not a Collision with a Motor Vehicle in Transport,0,No,1,Non-Junction,1,Not an Intersection,2,On Shoulder,0,None,1,Daylight,98,Not Reported,0,No,0000000,Not Applicable,99,Unknown,99,Unknown,99,Unknown EMS Scene Arrival Hour,99,Unknown EMS Scene Arrival Minutes,99,Unknown,99,Unknown EMS Hospital Arrival Time,1
51,Virginia,510903,1,1,1,1,0,1,1,59,FAIRFAX (59),0,NOT APPLICABLE,12,December,4,4,1,Sunday,2022,19,7:00pm-7:59pm,36,36,US-50,ARLINGTON BLVD,2,US Highway,2,Urban,3,Principal Arterial - Other,1,State Highway Agency,1,This section IS ON the NHS,0,No Special Jurisdiction,775,775,38.86600556,38.86600556,-77.20015556,-77.20015556,8,Pedestrian,0,The First Harmful Event was Not a Collision with a Motor Vehicle in Transport,0,No,3,Intersection-Related,2,Four-Way Intersection,1,On Roadway,0,None,3,Dark - Lighted,98,Not Reported,0,No,0000000,Not Applicable,99,Unknown,99,Unknown,99,Unknown EMS Scene Arrival Hour,99,Unknown EMS Scene Arrival Minutes,99,Unknown,99,Unknown EMS Hospital Arrival Time,1
51,Virginia,510904,0,0,2,2,0,3,3,730,PETERSBURG (CITY) (730),1910,PETERSBURG,12,December,31,31,7,Saturday,2022,12,12:00pm-12:59pm,40,40,US-460,BAXTER RD,2,US Highway,2,Urban,3,Principal Arterial - Other,4,City or Municipal Highway Agency,1,This section IS ON the NHS,0,No Special Jurisdiction,3224,3224,37.20987778,37.20987778,-77.34883889,-77.34883889,12,Motor Vehicle In-Transport,2,Front-to-Front,0,No,2,Intersection,4,Y-Intersection,1,On Roadway,0,None,1,Daylight,2,Rain,0,No,0000000,Not Applicable,99,Unknown,99,Unknown,99,Unknown EMS Scene Arrival Hour,99,Unknown EMS Scene Arrival Minutes,99,Unknown,99,Unknown EMS Hospital Arrival Time,2
51,Virginia,510905,0,0,2,2,0,3,3,760,RICHMOND (CITY) (760),2060,RICHMOND,12,December,20,20,3,Tuesday,2022,9,9:00am-9:59am,8,8,BROOK RD,NA,6,Local Street - Municipality,2,Urban,4,Minor Arterial,4,City or Municipal Highway Agency,0,This section IS NOT on the NHS,0,No Special Jurisdiction,4,4,37.55933333,37.55933333,-77.44716111,-77.44716111,12,Motor Vehicle In-Transport,6,Angle,0,No,1,Non-Junction,1,Not an Intersection,1,On Roadway,0,None,1,Daylight,98,Not Reported,0,No,0000000,Not Applicable,99,Unknown,99,Unknown,99,Unknown EMS Scene Arrival Hour,99,Unknown EMS Scene Arrival Minutes,99,Unknown,99,Unknown EMS Hospital Arrival Time,1
51,Virginia,510906,0,1,2,1,1,2,1,191,WASHINGTON (191),10,ABINGDON,12,December,29,29,5,Thursday,2022,13,1:00pm-1:59pm,40,40,W VALLEY ST,NA,6,Local Street - Municipality,2,Urban,5,Major Collector,4,City or Municipal Highway Agency,0,This section IS NOT on the NHS,0,No Special Jurisdiction,2,2,36.71161944,36.71161944,-81.97568333,-81.97568333,14,Parked Motor Vehicle,0,The First Harmful Event was Not a Collision with a Motor Vehicle in Transport,0,No,1,Non-Junction,1,Not an Intersection,7,In Parking Lane/Zone,0,None,1,Daylight,98,Not Reported,0,No,0000000,Not Applicable,99,Unknown,99,Unknown,99,Unknown EMS Scene Arrival Hour,99,Unknown EMS Scene Arrival Minutes,99,Unknown,99,Unknown EMS Hospital Arrival Time,1
51,Virginia,510907,0,0,1,1,0,1,1,800,SUFFOLK (CITY) (800),2390,SUFFOLK,10,October,13,13,5,Thursday,2022,14,2:00pm-2:59pm,7,7,SR-32,NA,3,State Highway,1,Rural,5,Major Collector,4,City or Municipal Highway Agency,0,This section IS NOT on the NHS,0,No Special Jurisdiction,0,None,36.55461389,36.55461389,-76.57581111,-76.57581111,42,Tree (Standing Only),0,The First Harmful Event was Not a Collision with a Motor Vehicle in Transport,0,No,1,Non-Junction,1,Not an Intersection,4,On Roadside,0,None,1,Daylight,98,Not Reported,0,No,0000000,Not Applicable,99,Unknown,99,Unknown,99,Unknown EMS Scene Arrival Hour,99,Unknown EMS Scene Arrival Minutes,99,Unknown,99,Unknown EMS Hospital Arrival Time,1
51,Virginia,510908,1,1,1,1,0,0,0,139,PAGE (139),0,NOT APPLICABLE,11,November,19,19,7,Saturday,2022,8,8:00am-8:59am,7,7,CR-687,NA,4,County Road,1,Rural,7,Local,1,State Highway Agency,0,This section IS NOT on the NHS,0,No Special Jurisdiction,0,None,38.55564167,38.55564167,-78.43566389,-78.43566389,35,Embankment,0,The First Harmful Event was Not a Collision with a Motor Vehicle in Transport,0,No,1,Non-Junction,1,Not an Intersection,4,On Roadside,0,None,1,Daylight,98,Not Reported,0,No,0000000,Not Applicable,99,Unknown,98,Unknown if Notified,99,Unknown EMS Scene Arrival Hour,98,Unknown if Arrived,88,Not Applicable (Not Transported),88,Not Applicable (Not Transported),1
51,Virginia,510909,0,0,1,1,0,1,1,61,FAUQUIER (61),0,NOT APPLICABLE,12,December,1,1,5,Thursday,2022,0,0:00am-0:59am,52,52,CR-601,NA,4,County Road,1,Rural,6,Minor Collector,1,State Highway Agency,0,This section IS NOT on the NHS,0,No Special Jurisdiction,20,20,38.87363333,38.87363333,-77.73725833,-77.73725833,42,Tree (Standing Only),0,The First Harmful Event was Not a Collision with a Motor Vehicle in Transport,0,No,1,Non-Junction,1,Not an Intersection,4,On Roadside,0,None,2,Dark - Not Lighted,98,Not Reported,0,No,0000000,Not Applicable,99,Unknown,98,Unknown if Notified,99,Unknown EMS Scene Arrival Hour,98,Unknown if Arrived,88,Not Applicable (Not Transported),88,Not Applicable (Not Transported),1
51,Virginia,510910,1,1,1,1,0,1,1,31,CAMPBELL (31),0,NOT APPLICABLE,12,December,2,2,6,Friday,2022,1,1:00am-1:59am,35,35,US-501,NA,2,US Highway,1,Rural,4,Minor Arterial,1,State Highway Agency,0,This section IS NOT on the NHS,0,No Special Jurisdiction,604,604,37.19276667,37.19276667,-79.08458889,-79.08458889,8,Pedestrian,0,The First Harmful Event was Not a Collision with a Motor Vehicle in Transport,0,No,1,Non-Junction,1,Not an Intersection,1,On Roadway,0,None,2,Dark - Not Lighted,98,Not Reported,0,No,0000000,Not Applicable,99,Unknown,99,Unknown,99,Unknown EMS Scene Arrival Hour,99,Unknown EMS Scene Arrival Minutes,99,Unknown,99,Unknown EMS Hospital Arrival Time,1
51,Virginia,510911,1,1,2,2,0,2,2,760,RICHMOND (CITY) (760),2060,RICHMOND,12,December,2,2,6,Friday,2022,21,9:00pm-9:59pm,27,27,US-1,NA,2,US Highway,2,Urban,3,Principal Arterial - Other,4,City or Municipal Highway Agency,1,This section IS ON the NHS,0,No Special Jurisdiction,0,None,37.55587222,37.55587222,-77.44200278,-77.44200278,8,Pedestrian,0,The First Harmful Event was Not a Collision with a Motor Vehicle in Transport,0,No,1,Non-Junction,1,Not an Intersection,1,On Roadway,0,None,3,Dark - Lighted,98,Not Reported,0,No,0000000,Not Applicable,99,Unknown,98,Unknown if Notified,99,Unknown EMS Scene Arrival Hour,98,Unknown if Arrived,88,Not Applicable (Not Transported),88,Not Applicable (Not Transported),1
51,Virginia,510912,0,0,1,1,0,1,1,111,LUNENBURG (111),0,NOT APPLICABLE,12,December,2,2,6,Friday,2022,19,7:00pm-7:59pm,43,43,CR-601,FLETCHER CHAPEL RD,4,County Road,1,Rural,5,Major Collector,1,State Highway Agency,0,This section IS NOT on the NHS,0,No Special Jurisdiction,44,44,37.00593056,37.00593056,-78.07425,-78.07425,34,Ditch,0,The First Harmful Event was Not a Collision with a Motor Vehicle in Transport,1,Yes,3,Intersection-Related,3,T-Intersection,4,On Roadside,0,None,2,Dark - Not Lighted,98,Not Reported,0,No,0000000,Not Applicable,99,Unknown,99,Unknown,99,Unknown EMS Scene Arrival Hour,99,Unknown EMS Scene Arrival Minutes,99,Unknown,99,Unknown EMS Hospital Arrival Time,1
51,Virginia,510913,0,0,1,1,0,1,1,15,AUGUSTA (15),0,NOT APPLICABLE,12,December,5,5,2,Monday,2022,20,8:00pm-8:59pm,16,16,CR-664,NA,4,County Road,1,Rural,5,Major Collector,1,State Highway Agency,0,This section IS NOT on the NHS,0,No Special Jurisdiction,42,42,37.9455,37.9455,-78.96400556,-78.96400556,42,Tree (Standing Only),0,The First Harmful Event was Not a Collision with a Motor Vehicle in Transport,0,No,1,Non-Junction,1,Not an Intersection,4,On Roadside,0,None,2,Dark - Not Lighted,98,Not Reported,0,No,0000000,Not Applicable,99,Unknown,98,Unknown if Notified,99,Unknown EMS Scene Arrival Hour,98,Unknown if Arrived,88,Not Applicable (Not Transported),88,Not Applicable (Not Transported),1
51,Virginia,510914,0,0,2,2,0,2,2,59,FAIRFAX (59),0,NOT APPLICABLE,12,December,6,6,3,Tuesday,2022,7,7:00am-7:59am,2,2,US-29,LEE HWY,2,US Highway,2,Urban,3,Principal Arterial - Other,1,State Highway Agency,1,This section IS ON the NHS,0,No Special Jurisdiction,2396,2396,38.87375278,38.87375278,-77.23589167,-77.23589167,12,Motor Vehicle In-Transport,6,Angle,0,No,2,Intersection,3,T-Intersection,1,On Roadway,0,None,4,Dawn,98,Not Reported,0,No,0000000,Not Applicable,99,Unknown,99,Unknown,99,Unknown EMS Scene Arrival Hour,99,Unknown EMS Scene Arrival Minutes,99,Unknown,99,Unknown EMS Hospital Arrival Time,1
51,Virginia,510915,0,0,3,3,0,3,3,15,AUGUSTA (15),0,NOT APPLICABLE,12,December,6,6,3,Tuesday,2022,6,6:00am-6:59am,50,50,US-250,NA,2,US Highway,1,Rural,4,Minor Arterial,1,State Highway Agency,0,This section IS NOT on the NHS,0,No Special Jurisdiction,349,349,38.30207222,38.30207222,-79.35950556,-79.35950556,12,Motor Vehicle In-Transport,8,Sideswipe - Opposite Direction,0,No,1,Non-Junction,1,Not an Intersection,1,On Roadway,0,None,1,Daylight,2,Rain,0,No,0000000,Not Applicable,99,Unknown,99,Unknown,99,Unknown EMS Scene Arrival Hour,99,Unknown EMS Scene Arrival Minutes,99,Unknown,99,Unknown EMS Hospital Arrival Time,1
51,Virginia,510916,1,1,1,1,0,1,1,41,CHESTERFIELD (41),0,NOT APPLICABLE,12,December,6,6,3,Tuesday,2022,6,6:00am-6:59am,30,30,US-60,MIDLOTHIAN TNPK,2,US Highway,2,Urban,3,Principal Arterial - Other,1,State Highway Agency,1,This section IS ON the NHS,0,No Special Jurisdiction,1842,1842,37.50098889,37.50098889,-77.52806944,-77.52806944,8,Pedestrian,0,The First Harmful Event was Not a Collision with a Motor Vehicle in Transport,0,No,3,Intersection-Related,2,Four-Way Intersection,1,On Roadway,0,None,4,Dawn,98,Not Reported,0,No,0000000,Not Applicable,99,Unknown,98,Unknown if Notified,99,Unknown EMS Scene Arrival Hour,98,Unknown if Arrived,88,Not Applicable (Not Transported),88,Not Applicable (Not Transported),1
51,Virginia,510917,1,1,2,2,0,2,2,153,PRINCE WILLIAM (153),0,NOT APPLICABLE,12,December,5,5,2,Monday,2022,6,6:00am-6:59am,12,12,US-1,NA,2,US Highway,2,Urban,3,Principal Arterial - Other,1,State Highway Agency,1,This section IS ON the NHS,0,No Special Jurisdiction,1648,1648,38.52418611,38.52418611,-77.35740556,-77.35740556,8,Pedestrian,0,The First Harmful Event was Not a Collision with a Motor Vehicle in Transport,0,No,1,Non-Junction,1,Not an Intersection,1,On Roadway,0,None,2,Dark - Not Lighted,98,Not Reported,0,No,0000000,Not Applicable,99,Unknown,98,Unknown if Notified,99,Unknown EMS Scene Arrival Hour,98,Unknown if Arrived,88,Not Applicable (Not Transported),88,Not Applicable (Not Transported),1
51,Virginia,510918,0,0,2,2,0,3,3,197,WYTHE (197),0,NOT APPLICABLE,12,December,9,9,6,Friday,2022,14,2:00pm-2:59pm,5,5,US-21,NA,2,US Highway,1,Rural,4,Minor Arterial,1,State Highway Agency,0,This section IS NOT on the NHS,0,No Special Jurisdiction,172,172,36.76689167,36.76689167,-81.17428333,-81.17428333,12,Motor Vehicle In-Transport,2,Front-to-Front,0,No,1,Non-Junction,1,Not an Intersection,2,On Shoulder,0,None,1,Daylight,98,Not Reported,0,No,0000000,Not Applicable,99,Unknown,99,Unknown,99,Unknown EMS Scene Arrival Hour,99,Unknown EMS Scene Arrival Minutes,99,Unknown,99,Unknown EMS Hospital Arrival Time,1
51,Virginia,510920,0,0,1,1,0,1,1,185,TAZEWELL (185),0,NOT APPLICABLE,12,December,12,12,2,Monday,2022,7,7:00am-7:59am,0,0,SR-61,NA,3,State Highway,1,Rural,5,Major Collector,1,State Highway Agency,0,This section IS NOT on the NHS,0,No Special Jurisdiction,56,56,37.12968056,37.12968056,-81.43818056,-81.43818056,35,Embankment,0,The First Harmful Event was Not a Collision with a Motor Vehicle in Transport,0,No,1,Non-Junction,1,Not an Intersection,4,On Roadside,0,None,4,Dawn,98,Not Reported,0,No,0000000,Not Applicable,99,Unknown,99,Unknown,99,Unknown EMS Scene Arrival Hour,99,Unknown EMS Scene Arrival Minutes,99,Unknown,99,Unknown EMS Hospital Arrival Time,1
51,Virginia,510921,0,0,2,2,0,3,3,193,WESTMORELAND (193),0,NOT APPLICABLE,12,December,13,13,3,Tuesday,2022,17,5:00pm-5:59pm,19,19,SR-203,NA,3,State Highway,1,Rural,4,Minor Arterial,1,State Highway Agency,0,This section IS NOT on the NHS,0,No Special Jurisdiction,42,42,38.00971944,38.00971944,-76.66041389,-76.66041389,12,Motor Vehicle In-Transport,2,Front-to-Front,0,No,1,Non-Junction,1,Not an Intersection,1,On Roadway,0,None,1,Daylight,98,Not Reported,0,No,0000000,Not Applicable,99,Unknown,99,Unknown,99,Unknown EMS Scene Arrival Hour,99,Unknown EMS Scene Arrival Minutes,99,Unknown,99,Unknown EMS Hospital Arrival Time,1
51,Virginia,510922,0,0,4,4,0,4,4,107,LOUDOUN (107),0,NOT APPLICABLE,12,December,13,13,3,Tuesday,2022,11,11:00am-11:59am,16,16,US-15,NA,2,US Highway,1,Rural,3,Principal Arterial - Other,1,State Highway Agency,1,This section IS ON the NHS,0,No Special Jurisdiction,2113,2113,39.03573056,39.03573056,-77.62488056,-77.62488056,12,Motor Vehicle In-Transport,2,Front-to-Front,0,No,1,Non-Junction,1,Not an Intersection,1,On Roadway,0,None,1,Daylight,98,Not Reported,0,No,0000000,Not Applicable,99,Unknown,99,Unknown,99,Unknown EMS Scene Arrival Hour,99,Unknown EMS Scene Arrival Minutes,99,Unknown,99,Unknown EMS Hospital Arrival Time,1
51,Virginia,510923,0,0,2,2,0,2,2,79,GREENE (79),0,NOT APPLICABLE,12,December,14,14,4,Wednesday,2022,17,5:00pm-5:59pm,19,19,US-29,NA,2,US Highway,2,Urban,3,Principal Arterial - Other,1,State Highway Agency,1,This section IS ON the NHS,0,No Special Jurisdiction,1531,1531,38.22951111,38.22951111,-78.371625,-78.371625,12,Motor Vehicle In-Transport,6,Angle,0,No,7,Crossover-Related,1,Not an Intersection,1,On Roadway,0,None,2,Dark - Not Lighted,98,Not Reported,0,No,0000000,Not Applicable,99,Unknown,98,Unknown if Notified,99,Unknown EMS Scene Arrival Hour,98,Unknown if Arrived,88,Not Applicable (Not Transported),88,Not Applicable (Not Transported),1
51,Virginia,510924,1,1,1,1,0,1,1,117,MECKLENBURG (117),320,BRODNAX,12,December,16,16,6,Friday,2022,18,6:00pm-6:59pm,11,11,US-58,NA,2,US Highway,2,Urban,3,Principal Arterial - Other,1,State Highway Agency,1,This section IS ON the NHS,0,No Special Jurisdiction,3818,3818,36.70560278,36.70560278,-78.03689444,-78.03689444,8,Pedestrian,0,The First Harmful Event was Not a Collision with a Motor Vehicle in Transport,0,No,1,Non-Junction,1,Not an Intersection,1,On Roadway,0,None,2,Dark - Not Lighted,98,Not Reported,0,No,0000000,Not Applicable,99,Unknown,99,Unknown,99,Unknown EMS Scene Arrival Hour,99,Unknown EMS Scene Arrival Minutes,99,Unknown,99,Unknown EMS Hospital Arrival Time,1
51,Virginia,510925,0,0,1,1,0,2,2,75,GOOCHLAND (75),0,NOT APPLICABLE,12,December,13,13,3,Tuesday,2022,1,1:00am-1:59am,9,9,I-64,NA,1,Interstate,1,Rural,1,Interstate,1,State Highway Agency,1,This section IS ON the NHS,0,No Special Jurisdiction,1504,1504,37.87058611,37.87058611,-78.01414444,-78.01414444,1,Rollover/Overturn,0,The First Harmful Event was Not a Collision with a Motor Vehicle in Transport,0,No,1,Non-Junction,1,Not an Intersection,3,On Median,0,None,2,Dark - Not Lighted,98,Not Reported,0,No,0000000,Not Applicable,99,Unknown,99,Unknown,99,Unknown EMS Scene Arrival Hour,99,Unknown EMS Scene Arrival Minutes,99,Unknown,99,Unknown EMS Hospital Arrival Time,1
51,Virginia,510926,1,1,1,1,0,1,1,59,FAIRFAX (59),0,NOT APPLICABLE,12,December,18,18,1,Sunday,2022,5,5:00am-5:59am,54,54,US-50,NA,2,US Highway,2,Urban,3,Principal Arterial - Other,1,State Highway Agency,1,This section IS ON the NHS,0,No Special Jurisdiction,786,786,38.86894167,38.86894167,-77.17886111,-77.17886111,8,Pedestrian,0,The First Harmful Event was Not a Collision with a Motor Vehicle in Transport,0,No,7,Crossover-Related,1,Not an Intersection,1,On Roadway,0,None,2,Dark - Not Lighted,98,Not Reported,0,No,0000000,Not Applicable,99,Unknown,98,Unknown if Notified,99,Unknown EMS Scene Arrival Hour,98,Unknown if Arrived,88,Not Applicable (Not Transported),88,Not Applicable (Not Transported),1
51,Virginia,510927,0,0,2,2,0,24,24,199,YORK (199),0,NOT APPLICABLE,12,December,16,16,6,Friday,2022,1,1:00am-1:59am,38,38,I-64,NA,1,Interstate,2,Urban,1,Interstate,1,State Highway Agency,1,This section IS ON the NHS,0,No Special Jurisdiction,2407,2407,37.27928333,37.27928333,-76.664575,-76.664575,12,Motor Vehicle In-Transport,1,Front-to-Rear,0,No,1,Non-Junction,1,Not an Intersection,1,On Roadway,0,None,2,Dark - Not Lighted,2,Rain,0,No,0000000,Not Applicable,99,Unknown,99,Unknown,99,Unknown EMS Scene Arrival Hour,99,Unknown EMS Scene Arrival Minutes,99,Unknown,99,Unknown EMS Hospital Arrival Time,3
51,Virginia,510928,1,1,1,1,0,1,1,83,HALIFAX (83),0,NOT APPLICABLE,12,December,20,20,3,Tuesday,2022,7,7:00am-7:59am,14,14,US-58,NA,2,US Highway,1,Rural,3,Principal Arterial - Other,1,State Highway Agency,1,This section IS ON the NHS,0,No Special Jurisdiction,3170,3170,36.60078056,36.60078056,-79.07154722,-79.07154722,8,Pedestrian,0,The First Harmful Event was Not a Collision with a Motor Vehicle in Transport,0,No,1,Non-Junction,1,Not an Intersection,1,On Roadway,0,None,4,Dawn,98,Not Reported,0,No,0000000,Not Applicable,99,Unknown,98,Unknown if Notified,99,Unknown EMS Scene Arrival Hour,98,Unknown if Arrived,88,Not Applicable (Not Transported),88,Not Applicable (Not Transported),1
51,Virginia,510929,0,0,2,2,0,2,2,810,VIRGINIA BEACH (CITY) (810),2540,VIRGINIA BEACH,12,December,21,21,4,Wednesday,2022,17,5:00pm-5:59pm,14,14,LYNHAVEN PKWY,NA,6,Local Street - Municipality,2,Urban,4,Minor Arterial,4,City or Municipal Highway Agency,0,This section IS NOT on the NHS,0,No Special Jurisdiction,11,11,36.81183333,36.81183333,-76.07023611,-76.07023611,12,Motor Vehicle In-Transport,6,Angle,0,No,8,Driveway Access Related,1,Not an Intersection,1,On Roadway,0,None,5,Dusk,98,Not Reported,0,No,0000000,Not Applicable,99,Unknown,98,Unknown if Notified,99,Unknown EMS Scene Arrival Hour,98,Unknown if Arrived,88,Not Applicable (Not Transported),88,Not Applicable (Not Transported),1
51,Virginia,510930,0,0,1,1,0,2,2,153,PRINCE WILLIAM (153),0,NOT APPLICABLE,12,December,20,20,3,Tuesday,2022,22,10:00pm-10:59pm,43,43,SR-234/SUDLEY RD,NA,3,State Highway,2,Urban,4,Minor Arterial,1,State Highway Agency,0,This section IS NOT on the NHS,0,No Special Jurisdiction,48,48,38.77273333,38.77273333,-77.49960833,-77.49960833,33,Curb,0,The First Harmful Event was Not a Collision with a Motor Vehicle in Transport,0,No,1,Non-Junction,1,Not an Intersection,4,On Roadside,0,None,3,Dark - Lighted,98,Not Reported,0,No,0000000,Not Applicable,99,Unknown,99,Unknown,99,Unknown EMS Scene Arrival Hour,99,Unknown EMS Scene Arrival Minutes,99,Unknown,99,Unknown EMS Hospital Arrival Time,1
51,Virginia,510931,0,0,2,2,0,2,2,15,AUGUSTA (15),0,NOT APPLICABLE,12,December,21,21,4,Wednesday,2022,6,6:00am-6:59am,47,47,SR-256/WEYERS CAVE RD,NA,3,State Highway,1,Rural,4,Minor Arterial,1,State Highway Agency,0,This section IS NOT on the NHS,0,No Special Jurisdiction,37,37,38.26881389,38.26881389,-78.87353333,-78.87353333,12,Motor Vehicle In-Transport,2,Front-to-Front,0,No,1,Non-Junction,1,Not an Intersection,1,On Roadway,0,None,1,Daylight,98,Not Reported,0,No,0000000,Not Applicable,99,Unknown,99,Unknown,99,Unknown EMS Scene Arrival Hour,99,Unknown EMS Scene Arrival Minutes,99,Unknown,99,Unknown EMS Hospital Arrival Time,1
51,Virginia,510932,0,0,2,2,0,3,3,37,CHARLOTTE (37),0,NOT APPLICABLE,12,December,22,22,5,Thursday,2022,11,11:00am-11:59am,44,44,CR-762,HUNT CLUB LN,4,County Road,1,Rural,7,Local,1,State Highway Agency,0,This section IS NOT on the NHS,0,No Special Jurisdiction,33,33,37.06690833,37.06690833,-78.85347778,-78.85347778,12,Motor Vehicle In-Transport,2,Front-to-Front,0,No,2,Intersection,3,T-Intersection,1,On Roadway,0,None,1,Daylight,2,Rain,0,No,0000000,Not Applicable,99,Unknown,99,Unknown,99,Unknown EMS Scene Arrival Hour,99,Unknown EMS Scene Arrival Minutes,99,Unknown,99,Unknown EMS Hospital Arrival Time,1
51,Virginia,510933,1,1,1,1,0,1,1,59,FAIRFAX (59),0,NOT APPLICABLE,12,December,21,21,4,Wednesday,2022,18,6:00pm-6:59pm,40,40,US-1,NA,2,US Highway,2,Urban,3,Principal Arterial - Other,1,State Highway Agency,1,This section IS ON the NHS,0,No Special Jurisdiction,1895,1895,38.77273611,38.77273611,-77.081425,-77.081425,8,Pedestrian,0,The First Harmful Event was Not a Collision with a Motor Vehicle in Transport,0,No,1,Non-Junction,1,Not an Intersection,1,On Roadway,0,None,3,Dark - Lighted,98,Not Reported,0,No,0000000,Not Applicable,99,Unknown,99,Unknown,99,Unknown EMS Scene Arrival Hour,99,Unknown EMS Scene Arrival Minutes,99,Unknown,99,Unknown EMS Hospital Arrival Time,1
51,Virginia,510934,0,0,3,3,0,5,5,810,VIRGINIA BEACH (CITY) (810),2540,VIRGINIA BEACH,12,December,22,22,5,Thursday,2022,12,12:00pm-12:59pm,55,55,I-64,NA,1,Interstate,2,Urban,1,Interstate,1,State Highway Agency,1,This section IS ON the NHS,0,No Special Jurisdiction,2871,2871,36.80889722,36.80889722,-76.19532222,-76.19532222,12,Motor Vehicle In-Transport,1,Front-to-Rear,0,No,1,Non-Junction,1,Not an Intersection,1,On Roadway,0,None,1,Daylight,2,Rain,0,No,0000000,Not Applicable,99,Unknown,99,Unknown,99,Unknown EMS Scene Arrival Hour,99,Unknown EMS Scene Arrival Minutes,99,Unknown,99,Unknown EMS Hospital Arrival Time,1
51,Virginia,510935,0,0,1,1,0,1,1,117,MECKLENBURG (117),0,NOT APPLICABLE,12,December,22,22,5,Thursday,2022,20,8:00pm-8:59pm,39,39,I-85,NA,1,Interstate,1,Rural,1,Interstate,1,State Highway Agency,1,This section IS ON the NHS,0,No Special Jurisdiction,96,96,36.67437222,36.67437222,-78.12927222,-78.12927222,34,Ditch,0,The First Harmful Event was Not a Collision with a Motor Vehicle in Transport,0,No,1,Non-Junction,1,Not an Intersection,4,On Roadside,0,None,2,Dark - Not Lighted,2,Rain,0,No,0000000,Not Applicable,99,Unknown,98,Unknown if Notified,99,Unknown EMS Scene Arrival Hour,98,Unknown if Arrived,88,Not Applicable (Not Transported),88,Not Applicable (Not Transported),1
51,Virginia,510936,0,0,1,1,0,1,1,25,BRUNSWICK (25),0,NOT APPLICABLE,12,December,23,23,6,Friday,2022,11,11:00am-11:59am,0,0,CR-632,NA,4,County Road,1,Rural,7,Local,1,State Highway Agency,0,This section IS NOT on the NHS,0,No Special Jurisdiction,26,26,36.87826667,36.87826667,-77.74386389,-77.74386389,34,Ditch,0,The First Harmful Event was Not a Collision with a Motor Vehicle in Transport,0,No,1,Non-Junction,1,Not an Intersection,4,On Roadside,0,None,1,Daylight,98,Not Reported,0,No,0000000,Not Applicable,99,Unknown,99,Unknown,99,Unknown EMS Scene Arrival Hour,99,Unknown EMS Scene Arrival Minutes,99,Unknown,99,Unknown EMS Hospital Arrival Time,1